Workbook

Sheet ENERO
B3: =C32 -> VIGILANT
B4: =C33 -> LAS TERRAZAS DE LA TORRE | Q4: =DATE($C$34,$C$35,1) -> 46023 | Z4: =SUM(AH51+AH62+AH73+AH84+AH95+AH106+AH117+AH128+AH139+AH150+AH161+AH172) -> 1736 | AC4: h. centro
AE5: =IF(CA59=28,IF(CA59="",0,1),IF(CA59=1,IF(CA59="",0,1),"")) | AF5: =IF(CA59=29,IF(CA59="",0,1),IF(CA59=1,IF(CA59="",0,1),"")) | AG5: =IF(CA59=30,IF(CA59="",0,1),IF(CA59=1,IF(CA59="",0,1),"")) | AH5: =IF(CA59=31,IF(CA59="",0,1),IF(CA59=1,IF(CA59="",0,1),"")) -> 1
B6: FESTIVO
B7: DIA SEM. | C7: =IF(AV47="LUNES","lu",IF(AV47="MARTES","ma",IF(AV47="MIERCOLES","mi",IF(AV47="JUEVES","ju",IF(AV47="VIERNES","vi",IF(AV47="SABADO","S",IF(AV47="DOMINGO","D",""))))))) -> ju | D7: =IF(C7="lu","ma",IF(C7="ma","mi",IF(C7="mi","ju",IF(C7="ju","vi",IF(C7="vi","S",IF(C7="S","D",IF(C7="D","lu",""))))))) -> vi | E7: =IF(D7="lu","ma",IF(D7="ma","mi",IF(D7="mi","ju",IF(D7="ju","vi",IF(D7="vi","S",IF(D7="S","D",IF(D7="D","lu",""))))))) -> S | F7: =IF(E7="lu","ma",IF(E7="ma","mi",IF(E7="mi","ju",IF(E7="ju","vi",IF(E7="vi","S",IF(E7="S","D",IF(E7="D","lu",""))))))) -> D | G7: =IF(F7="lu","ma",IF(F7="ma","mi",IF(F7="mi","ju",IF(F7="ju","vi",IF(F7="vi","S",IF(F7="S","D",IF(F7="D","lu",""))))))) -> lu | H7: =IF(G7="lu","ma",IF(G7="ma","mi",IF(G7="mi","ju",IF(G7="ju","vi",IF(G7="vi","S",IF(G7="S","D",IF(G7="D","lu",""))))))) -> ma | I7: =IF(H7="lu","ma",IF(H7="ma","mi",IF(H7="mi","ju",IF(H7="ju","vi",IF(H7="vi","S",IF(H7="S","D",IF(H7="D","lu",""))))))) -> mi | J7: =IF(I7="lu","ma",IF(I7="ma","mi",IF(I7="mi","ju",IF(I7="ju","vi",IF(I7="vi","S",IF(I7="S","D",IF(I7="D","lu",""))))))) -> ju | K7: =IF(J7="lu","ma",IF(J7="ma","mi",IF(J7="mi","ju",IF(J7="ju","vi",IF(J7="vi","S",IF(J7="S","D",IF(J7="D","lu",""))))))) -> vi | ... AD7: =IF(AC7="lu","ma",IF(AC7="ma","mi",IF(AC7="mi","ju",IF(AC7="ju","vi",IF(AC7="vi","S",IF(AC7="S","D",IF(AC7="D","lu",""))))))) -> mi | AE7: =IF(AE8="","",IF(AD7="lu","ma",IF(AD7="ma","mi",IF(AD7="mi","ju",IF(AD7="ju","vi",IF(AD7="vi","S",IF(AD7="S","D",IF(AD7="D","lu","")))))))) -> ju | AF7: =IF(AF8="","",IF(AE7="lu","ma",IF(AE7="ma","mi",IF(AE7="mi","ju",IF(AE7="ju","vi",IF(AE7="vi","S",IF(AE7="S","D",IF(AE7="D","lu","")))))))) -> vi | AG7: =IF(AG8="","",IF(AF7="lu","ma",IF(AF7="ma","mi",IF(AF7="mi","ju",IF(AF7="ju","vi",IF(AF7="vi","S",IF(AF7="S","D",IF(AF7="D","lu","")))))))) -> S
A8: VIGILANTE Nº | C8: 1 | D8: 2 | E8: 3 | F8: 4 | G8: 5 | H8: 6 | I8: 7 | J8: 8 | K8: 9 | L8: 10 | M8: 11 | N8: 12 | O8: 13 | P8: 14 | Q8: 15 | R8: 16 | S8: 17 | T8: 18 | U8: 19 | V8: 20 | W8: 21 | X8: 22 | Y8: 23 | Z8: 24 | AA8: 25 | AB8: 26 | AC8: 27 | AD8: 28 | AE8: =IF(CA59=28,"",IF(CA59=29,29,IF(CA59=30,29,IF(CA59=31,29,"")))) -> 29 | AF8: =IF(CA59=28,"",IF(CA59=29,"",IF(CA59=30,30,IF(CA59=31,30,"")))) -> 30 | AG8: =IF(CA59=28,"",IF(CA59=29,"",IF(CA59=30,"",IF(CA59=31,31,"")))) -> 31 | AH8: HORAS | AI8: EXT | AJ8: FES | AK8: NOC | AL8: DV
A9: JAVI | C9: B | D9: B | E9: B | F9: B | G9: B | H9: B | I9: B | J9: B | K9: B | L9: B | M9: B | N9: B | O9: B | P9: B | Q9: B | R9: B | S9: B | T9: B | U9: B | V9: B | W9: B | X9: B | Y9: B | Z9: B | AA9: B | AB9: B | AC9: B | AD9: B | AE9: B | AF9: B | AG9: B | AH9: =SUM(AH50:AH51) -> 0 | AI9: =AH9-C37 -> -162 | AJ9: =SUM(C55:AG55) -> 0 | AK9: =AK32 -> 0 | AL9: =SUM(C56:AG56) -> 0 | CB9: =ROUNDDOWN(AH9,0) -> 0 | CC9: =AH9-INT(AH9) -> 0 | CD9: =CC9/24 -> 0
A10: PAREDES | C10: N2 | D10: N2 | E10: N2 | F10: N2 | I10: N2 | J10: N2 | N10: N2 | O10: N2 | R10: N2 | S10: N2 | T10: N2 | W10: N2 | X10: N2 | AB10: N2 | AC10: N2 | AF10: N2 | AG10: N2 | AH10: =SUM(AH61:AH62) -> 204 | AI10: =AH10-C37 -> 42 | AJ10: =SUM(C66:AG66) -> 60 | AK10: =AK33 -> 136 | AL10: =SUM(C67:AG67) -> 0
A11: JUAN | C11: N1 | I11: D2 | J11: D2 | K11: D2 | L11: D2 | M11: D2 | N11: D2 | O11: D2 | R11: D2 | S11: D2 | T11: D2 | W11: D2 | X11: D2 | AB11: D2 | AC11: D2 | AF11: D2 | AG11: D2 | AH11: =SUM(AH72:AH73) -> 204 | AI11: =AH11-C37 -> 42 | AJ11: =SUM(C77:AG77) -> 60 | AK11: =AK34 -> 8 | AL11: =SUM(C78:AG78) -> 0
A12: MILOU | D12: D2 | E12: D2 | F12: D2 | G12: D2 | H12: D2 | I12: D1 | J12: D1 | P12: D2 | Q12: D2 | U12: D2 | V12: D2 | Y12: D2 | Z12: D2 | AA12: D2 | AD12: D2 | AE12: D2 | AH12: =SUM(AH83:AH84) -> 192 | AI12: =AH12-C37 -> 30 | AJ12: =SUM(C88:AG88) -> 48 | AK12: =AK35 -> 0 | AL12: =SUM(C89:AG89) -> 0
A13: CAUTO | C13: D2 | D13: D1 | E13: D1 | F13: D1 | G13: N2 | H13: N2 | L13: L | M13: L | N13: L | O13: L | P13: L | Q13: L | R13: L | S13: L | T13: L | U13: L | V13: L | W13: D1 | X13: D1 | Y13: D1 | Z13: D1 | AA13: D1 | AB13: D1 | AC13: D1 | AF13: D1 | AG13: D1 | AH13: =SUM(AH94:AH95) -> 180 | AI13: =AH13-C37 -> 18 | AJ13: =SUM(C99:AG99) -> 60 | AK13: =AK36 -> 16 | AL13: =SUM(C100:AG100) -> 0
A14: HIDALGO | C14: D1 | G14: D1 | H14: D1 | K14: N1 | L14: N1 | M14: N1 | P14: D1 | Q14: D1 | U14: D1 | V14: D1 | Y14: D1 | Z14: D1 | AA14: D1 | AD14: D1 | AE14: D1 | AH14: =SUM(AH105:AH106) -> 180 | AI14: =AH14-C37 -> 18 | AJ14: =SUM(C110:AG110) -> 48 | AK14: =AK37 -> 24 | AL14: =SUM(C111:AG111) -> 0
A15: SAMUEL | D15: N1 | E15: N1 | F15: N1 | G15: L | H15: L | I15: N1 | J15: N1 | K15: L | L15: L | M15: L | O15: N1 | Q15: N3 | R15: N1 | S15: N1 | T15: N1 | U15: N3 | X15: N1 | Y15: L | Z15: L | AA15: L | AB15: N1 | AC15: N1 | AF15: N1 | AG15: N1 | AH15: =SUM(AH116:AH117) -> 184 | AI15: =AH15-C37 -> 22 | AJ15: =SUM(C121:AG121) -> 60 | AK15: =AK38 -> 128 | AL15: =SUM(C122:AG122) -> 0
A16: PAREJO | C16: L | D16: L | E16: L | F16: L | G16: L | H16: L | K16: N1 | L16: N1 | M16: N1 | N16: N1 | P16: N2 | Q16: N2 | U16: N2 | V16: N2 | W16: N1 | Y16: N1 | Z16: N1 | AA16: N1 | AD16: N2 | AE16: N2 | AH16: =SUM(AH127:AH128) -> 168 | AI16: =AH16-C37 -> 6 | AJ16: =SUM(C132:AG132) -> 48 | AK16: =AK39 -> 112 | AL16: =SUM(C133:AG133) -> 0
A17: PEDREÑO | G17: N3 | H17: N3 | K17: N3 | L17: N3 | M17: N3 | Q17: N1 | Y17: N3 | Z17: N3 | AA17: N3 | AH17: =SUM(AH138:AH139) -> 76 | AI17: =AH17-C37 -> -86 | AJ17: =SUM(C143:AG143) -> 32 | AK17: =AK40 -> 72 | AL17: =SUM(C144:AG144) -> 0
A18: ENRIQUE | G18: N1 | H18: N1 | K18: D1 | L18: D1 | M18: D1 | N18: D1 | O18: D1 | P18: N1 | R18: D1 | S18: D1 | T18: D1 | U18: N1 | V18: N1 | AD18: N1 | AE18: N1 | AH18: =SUM(AH149:AH150) -> 180 | AI18: =AH18-C37 -> 18 | AJ18: =SUM(C154:AG154) -> 48 | AK18: =AK41 -> 56 | AL18: =SUM(C155:AG155) -> 0
A19: MIGUEL | C19: N3 | D19: N3 | E19: N3 | F19: N3 | I19: N3 | J19: N3 | N19: N3 | O19: N3 | P19: N3 | R19: N3 | S19: N3 | T19: N3 | V19: N3 | W19: N3 | X19: N3 | AB19: N3 | AC19: N3 | AD19: N3 | AE19: N3 | AF19: N3 | AG19: N3 | AH19: =SUM(AH160:AH161) -> 168 | AI19: =AH19-C37 -> 6 | AJ19: =SUM(C165:AG165) -> 40 | AK19: =AK42 -> 168 | AL19: =SUM(C166:AG166) -> 0
AH20: =SUM(AH171:AH172) -> 0 | AI20: =AH20-C37 -> -162 | AJ20: =SUM(C176:AG176) -> 0 | AK20: =AK43 -> 0 | AL20: =SUM(C177:AG177) -> 0
B21: SUMAS | C21: =SUM(C51+C62+C73+C84+C95+C106+C117+C128+C139+C150+C161+C172) -> 56 | D21: =SUM(D51+D62+D73+D84+D95+D106+D117+D128+D139+D150+D161+D172) -> 56 | E21: =SUM(E51+E62+E73+E84+E95+E106+E117+E128+E139+E150+E161+E172) -> 56 | F21: =SUM(F51+F62+F73+F84+F95+F106+F117+F128+F139+F150+F161+F172) -> 56 | G21: =SUM(G51+G62+G73+G84+G95+G106+G117+G128+G139+G150+G161+G172) -> 56 | H21: =SUM(H51+H62+H73+H84+H95+H106+H117+H128+H139+H150+H161+H172) -> 56 | I21: =SUM(I51+I62+I73+I84+I95+I106+I117+I128+I139+I150+I161+I172) -> 56 | J21: =SUM(J51+J62+J73+J84+J95+J106+J117+J128+J139+J150+J161+J172) -> 56 | ... AG21: =SUM(AG51+AG62+AG73+AG84+AG95+AG106+AG117+AG128+AG139+AG150+AG161+AG172) -> 56
C23: TURNOS | J23: TURNOS | Q23: JORNADA PARTIDA | AQ23: 5 < 10 el 5 es menor que 10
C24: =R32 -> D1 | D24: =S32 -> 0.25 | F24: A | G24: =V32 -> 0.75 | J24: =R35 -> N2 | K24: =S35 -> 0.79166667 | M24: A | N24: =V35 -> 0.29166667 | Q24: =R38 -> G | T24: A | Y24: A | AG24: X | AH24: FESTIVO | AQ24: 10 > 3 el 10 es mayor que 3
C25: =R33 -> N1 | D25: =S33 -> 0.75 | F25: A | G25: =V33 -> 0.25 | J25: =R36 -> N3 | K25: =S36 -> 0.91666667 | M25: A | N25: =V36 -> 0.25 | Q25: =R39 -> H | T25: A | Y25: A | AG25: V | AH25: VACACIONES | AQ25: 1 > 0 1 es mayor que cero
C26: =R34 -> D2 | D26: =S34 -> 0.29166667 | F26: A | G26: =V34 -> 0.79166667 | J26: =R37 -> F | K26: =S37 -> 0.20833333 | M26: A | N26: =V37 -> 0.25 | Q26: =R40 -> I | T26: A | Y26: A | AG26: PR | AH26: P. RETRIBUIDO | AQ26: -5 < 0 negativo 5 es menor que cero
B29: NOTAS: | C29: =E43 -> *Aquí notas que se vean en el cuadrante...
AN30: AN | AP30: AP | AQ30: AQ | AX30: AX | AZ30: AZ | BD30: b
A31: CONFIGURACION CUADRANTE | R31: TURNOS | AD31: CALCULAR MINUTOS | AK31: NOC | AN31: NOCTUR. | AO31: T. HORAS | AP31: ENTRADA | AQ31: SALIDA | AR31: CONDICIONES DE NOCTURNIDAD | BA31: SUMA HR. | BB31: CALCULO HORAS | BD31: NOCTURNIDAD
A32: EMPRESA | C32: VIGILANT | R32: D1 | S32: 0.25 | U32: A | V32: 0.75 | AD32: MINUTOS | AH32: 0.5 | AI32: =AH32/24 -> 0.020833333 | AK32: =AH49 -> 0 | AL32: V1 | AN32: =IF(AS32/24=0,0,AS32/24) -> 0 | AO32: =IF(BA32=0,"",BA32) -> 0.5 | AP32: =S32*24 -> 6 | AQ32: =V32*24 -> 18 | AR32: =AS32 -> 0 | AS32: =IF(AV32>=4,AT32,AT32) -> 0 | AT32: =IF(AV32>8,8,AU32) -> 0 | AU32: =IF(AV32<0,0,AV32) -> 0 | AV32: =IF(AP32=AQ32,0,IF(AP32>AQ32,AW32,IF(AP32>=6,AX32,AQ32-AP32))) -> -12 | AW32: =IF(AP32<6,(AQ32-22+24)+(6-AP32),IF(AP32>=22,AY32,IF(AV2<=6,(AQ32-22)+24,8))) -> 20 | AX32: =IF(AQ32>22,AZ32,IF(AP32<AQ32,AP32-AQ32,IF(AP32>6,0,(6-AP32)))) -> -12 | AY32: =IF(AQ32<=6,(AQ32-AP32)+24,IF(AQ32>22,8,(6-AP32)+24)) -> 24 | AZ32: =IF(AP32<=6,(6-AP32)+(AQ32-22),IF(AP32>22,(AQ32-AP32),(AQ32-22))) -> -4 | BA32: =IF(V32-S32>=0,V32-S32,V32-S32+24) -> 0.5 | BB32: =IF(AO32<1,AO32*24,(AO32-24)*24) -> 12 | BC32: =IF(BB32>=0,BB32,BB32+24) -> 12 | BD32: =IF(AX32<=0,AN32,IF(AX32>=0.1,AX32/24)) -> 0 | BE32: =IF(BD38>=4,IF(BD38="",0,8),IF(BD38>=0.1,IF(BD38="",0,BD38),""))
A33: CENTRO | C33: LAS TERRAZAS DE LA TORRE | R33: N1 | S33: 0.75 | U33: A | V33: 0.25 | AK33: =AH60 -> 136 | AL33: V2 | AN33: =IF(AS33/24=0,0,AS33/24) -> 0.33333333 | AO33: =IF(BA33=0,"",BA33) -> 23.5 | AP33: =S33*24 -> 18 | AQ33: =V33*24 -> 6 | AR33: =AS33 -> 8 | AS33: =IF(AV33>=4,AT33,AT33) -> 8 | AT33: =IF(AV33>8,8,AU33) -> 8 | AU33: =IF(AV33<0,0,AV33) -> 8 | AV33: =IF(AP33=AQ33,0,IF(AP33>AQ33,AW33,IF(AP33>=6,AX33,AQ33-AP33))) -> 8 | AW33: =IF(AP33<6,(AQ33-22+24)+(6-AP33),IF(AP33>=22,AY33,IF(AV3<=6,(AQ33-22)+24,8))) -> 8 | AX33: =IF(AQ33>22,AZ33,IF(AP33<AQ33,AP33-AQ33,IF(AP33>6,0,(6-AP33)))) -> 0 | AY33: =IF(AQ33<=6,(AQ33-AP33)+24,IF(AQ33>22,8,(6-AP33)+24)) -> 12 | AZ33: =IF(AP33<=6,(6-AP33)+(AQ33-22),IF(AP33>22,(AQ33-AP33),(AQ33-22))) -> -16 | BA33: =IF(V33-S33>=0,V33-S33,V33-S33+24) -> 23.5 | BB33: =IF(AO33<1,AO33*24,(AO33-24)*24) -> -12 | BC33: =IF(BB33>=0,BB33,BB33+24) -> 12 | BD33: =IF(AX33<=0,AN33,IF(AX33>=0.1,AX33/24)) -> 0.33333333 | BE33: =IF(BD39>=4,IF(BD39="",0,8),IF(BD39>=0.1,IF(BD39="",0,BD39),""))
A34: AÑO | C34: 2026 | R34: D2 | S34: 0.29166667 | U34: A | V34: 0.79166667 | AK34: =AH71 -> 8 | AL34: V3 | AN34: =IF(AS34/24=0,0,AS34/24) -> 0 | AO34: =IF(BA34=0,"",BA34) -> 0.5 | AP34: =S34*24 -> 7 | AQ34: =V34*24 -> 19 | AR34: =AS34 -> 0 | AS34: =IF(AV34>=4,AT34,AT34) -> 0 | AT34: =IF(AV34>8,8,AU34) -> 0 | AU34: =IF(AV34<0,0,AV34) -> 0 | AV34: =IF(AP34=AQ34,0,IF(AP34>AQ34,AW34,IF(AP34>=6,AX34,AQ34-AP34))) -> -12 | AW34: =IF(AP34<6,(AQ34-22+24)+(6-AP34),IF(AP34>=22,AY34,IF(AV4<=6,(AQ34-22)+24,8))) -> 21 | AX34: =IF(AQ34>22,AZ34,IF(AP34<AQ34,AP34-AQ34,IF(AP34>6,0,(6-AP34)))) -> -12 | AY34: =IF(AQ34<=6,(AQ34-AP34)+24,IF(AQ34>22,8,(6-AP34)+24)) -> 23 | AZ34: =IF(AP34<=6,(6-AP34)+(AQ34-22),IF(AP34>22,(AQ34-AP34),(AQ34-22))) -> -3 | BA34: =IF(V34-S34>=0,V34-S34,V34-S34+24) -> 0.5 | BB34: =IF(AO34<1,AO34*24,(AO34-24)*24) -> 12 | BC34: =IF(BB34>=0,BB34,BB34+24) -> 12 | BD34: =IF(AX34<=0,AN34,IF(AX34>=0.1,AX34/24)) -> 0 | BE34: =IF(BD40>=4,IF(BD40="",0,8),IF(BD40>=0.1,IF(BD40="",0,BD40),""))
A35: MES | C35: 1 | R35: N2 | S35: 0.79166667 | U35: A | V35: 0.29166667 | AK35: =AH82 -> 0 | AL35: V4 | AN35: =IF(AS35/24=0,0,AS35/24) -> 0.33333333 | AO35: =IF(BA35=0,"",BA35) -> 23.5 | AP35: =S35*24 -> 19 | AQ35: =V35*24 -> 7 | AR35: =AS35 -> 8 | AS35: =IF(AV35>=4,AT35,AT35) -> 8 | AT35: =IF(AV35>8,8,AU35) -> 8 | AU35: =IF(AV35<0,0,AV35) -> 9 | AV35: =IF(AP35=AQ35,0,IF(AP35>AQ35,AW35,IF(AP35>=6,AX35,AQ35-AP35))) -> 9 | AW35: =IF(AP35<6,(AQ35-22+24)+(6-AP35),IF(AP35>=22,AY35,IF(AV5<=6,(AQ35-22)+24,8))) -> 9 | AX35: =IF(AQ35>22,AZ35,IF(AP35<AQ35,AP35-AQ35,IF(AP35>6,0,(6-AP35)))) -> 0 | AY35: =IF(AQ35<=6,(AQ35-AP35)+24,IF(AQ35>22,8,(6-AP35)+24)) -> 11 | AZ35: =IF(AP35<=6,(6-AP35)+(AQ35-22),IF(AP35>22,(AQ35-AP35),(AQ35-22))) -> -15 | BA35: =IF(V35-S35>=0,V35-S35,V35-S35+24) -> 23.5 | BB35: =IF(AO35<1,AO35*24,(AO35-24)*24) -> -12 | BC35: =IF(BB35>=0,BB35,BB35+24) -> 12 | BD35: =IF(AX35<=0,AN35,IF(AX35>=0.1,AX35/24)) -> 0.33333333
A36: VACACIONES | C36: 5.22 | R36: N3 | S36: 0.91666667 | U36: A | V36: 0.25 | AK36: =AH93 -> 16 | AL36: V5 | AN36: =IF(AS36/24=0,0,AS36/24) -> 0.33333333 | AO36: =IF(BA36=0,"",BA36) -> 23.333333 | AP36: =S36*24 -> 22 | AQ36: =V36*24 -> 6 | AR36: =AS36 -> 8 | AS36: =IF(AV36>=4,AT36,AT36) -> 8 | AT36: =IF(AV36>8,8,AU36) -> 8 | AU36: =IF(AV36<0,0,AV36) -> 8 | AV36: =IF(AP36=AQ36,0,IF(AP36>AQ36,AW36,IF(AP36>=6,AX36,AQ36-AP36))) -> 8 | AW36: =IF(AP36<6,(AQ36-22+24)+(6-AP36),IF(AP36>=22,AY36,IF(AV6<=6,(AQ36-22)+24,8))) -> 8 | AX36: =IF(AQ36>22,AZ36,IF(AP36<AQ36,AP36-AQ36,IF(AP36>6,0,(6-AP36)))) -> 0 | AY36: =IF(AQ36<=6,(AQ36-AP36)+24,IF(AQ36>22,8,(6-AP36)+24)) -> 8 | AZ36: =IF(AP36<=6,(6-AP36)+(AQ36-22),IF(AP36>22,(AQ36-AP36),(AQ36-22))) -> -16 | BA36: =IF(V36-S36>=0,V36-S36,V36-S36+24) -> 23.333333 | BB36: =IF(AO36<1,AO36*24,(AO36-24)*24) -> -16 | BC36: =IF(BB36>=0,BB36,BB36+24) -> 8 | BD36: =IF(AX36<=0,AN36,IF(AX36>=0.1,AX36/24)) -> 0.33333333
A37: JORNADA | C37: 162 | R37: =CONTROL!F40 -> F | S37: =CONTROL!G40 -> 0.20833333 | U37: A | V37: =CONTROL!H40 -> 0.25 | AK37: =AH104 -> 24 | AL37: V6 | AN37: =IF(AS37/24=0,0,AS37/24) -> 0.041666667 | AO37: =IF(BA37=0,"",BA37) -> 0.041666667 | AP37: =S37*24 -> 5 | AQ37: =V37*24 -> 6 | AR37: =AS37 -> 1 | AS37: =IF(AV37>=4,AT37,AT37) -> 1 | AT37: =IF(AV37>8,8,AU37) -> 1 | AU37: =IF(AV37<0,0,AV37) -> 1 | AV37: =IF(AP37=AQ37,0,IF(AP37>AQ37,AW37,IF(AP37>=6,AX37,AQ37-AP37))) -> 1 | AW37: =IF(AP37<6,(AQ37-22+24)+(6-AP37),IF(AP37>=22,AY37,IF(AV7<=6,(AQ37-22)+24,8))) -> 9 | AX37: =IF(AQ37>22,AZ37,IF(AP37<AQ37,AP37-AQ37,IF(AP37>6,0,(6-AP37)))) -> -1 | AY37: =IF(AQ37<=6,(AQ37-AP37)+24,IF(AQ37>22,8,(6-AP37)+24)) -> 25 | AZ37: =IF(AP37<=6,(6-AP37)+(AQ37-22),IF(AP37>22,(AQ37-AP37),(AQ37-22))) -> -15 | BA37: =IF(V37-S37>=0,V37-S37,V37-S37+24) -> 0.041666667 | BB37: =IF(AO37<1,AO37*24,(AO37-24)*24) -> 1 | BC37: =IF(BB37>=0,BB37,BB37+24) -> 1 | BD37: =IF(AX37<=0,AN37,IF(AX37>=0.1,AX37/24)) -> 0.041666667
A38: P. RETRIBUIDO | C38: 0 | R38: =CONTROL!F41 -> G | S38: =CONTROL!G41 -> 0.29166667 | U38: A | V38: =CONTROL!H41 -> 0.33333333 | AK38: =AH115 -> 128 | AL38: V7 | AN38: =IF(AS38/24=0,0,AS38/24) -> 0 | AO38: =IF(BA38=0,"",BA38) -> 0.041666667 | AP38: =S38*24 -> 7 | AQ38: =V38*24 -> 8 | AR38: =AS38 -> 0 | AS38: =IF(AV38>=4,AT38,AT38) -> 0 | AT38: =IF(AV38>8,8,AU38) -> 0 | AU38: =IF(AV38<0,0,AV38) -> 0 | AV38: =IF(AP38=AQ38,0,IF(AP38>AQ38,AW38,IF(AP38>=6,AX38,AQ38-AP38))) -> -1 | AW38: =IF(AP38<6,(AQ38-22+24)+(6-AP38),IF(AP38>=22,AY38,IF(AV8<=6,(AQ38-22)+24,8))) -> 10 | AX38: =IF(AQ38>22,AZ38,IF(AP38<AQ38,AP38-AQ38,IF(AP38>6,0,(6-AP38)))) -> -1 | AY38: =IF(AQ38<=6,(AQ38-AP38)+24,IF(AQ38>22,8,(6-AP38)+24)) -> 23 | AZ38: =IF(AP38<=6,(6-AP38)+(AQ38-22),IF(AP38>22,(AQ38-AP38),(AQ38-22))) -> -14 | BA38: =IF(V38-S38>=0,V38-S38,V38-S38+24) -> 0.041666667 | BB38: =IF(AO38<1,AO38*24,(AO38-24)*24) -> 1 | BC38: =IF(BB38>=0,BB38,BB38+24) -> 1 | BD38: =IF(AX38<=0,AN38,IF(AX38>=0.1,AX38/24)) -> 0
R39: =CONTROL!F42 -> H | S39: =CONTROL!G42 -> 0.33333333 | U39: A | V39: =CONTROL!H42 -> 0.375 | AK39: =AH126 -> 112 | AL39: V8 | AN39: =IF(AS39/24=0,0,AS39/24) -> 0 | AO39: =IF(BA39=0,"",BA39) -> 0.041666667 | AP39: =S39*24 -> 8 | AQ39: =V39*24 -> 9 | AR39: =AS39 -> 0 | AS39: =IF(AV39>=4,AT39,AT39) -> 0 | AT39: =IF(AV39>8,8,AU39) -> 0 | AU39: =IF(AV39<0,0,AV39) -> 0 | AV39: =IF(AP39=AQ39,0,IF(AP39>AQ39,AW39,IF(AP39>=6,AX39,AQ39-AP39))) -> -1 | AW39: =IF(AP39<6,(AQ39-22+24)+(6-AP39),IF(AP39>=22,AY39,IF(AV9<=6,(AQ39-22)+24,8))) -> 11 | AX39: =IF(AQ39>22,AZ39,IF(AP39<AQ39,AP39-AQ39,IF(AP39>6,0,(6-AP39)))) -> -1 | AY39: =IF(AQ39<=6,(AQ39-AP39)+24,IF(AQ39>22,8,(6-AP39)+24)) -> 22 | AZ39: =IF(AP39<=6,(6-AP39)+(AQ39-22),IF(AP39>22,(AQ39-AP39),(AQ39-22))) -> -13 | BA39: =IF(V39-S39>=0,V39-S39,V39-S39+24) -> 0.041666667 | BB39: =IF(AO39<1,AO39*24,(AO39-24)*24) -> 1 | BC39: =IF(BB39>=0,BB39,BB39+24) -> 1 | BD39: =IF(AX39<=0,AN39,IF(AX39>=0.1,AX39/24)) -> 0
R40: =CONTROL!F43 -> I | S40: =CONTROL!G43 -> 0.41666667 | U40: A | V40: =CONTROL!H43 -> 0.45833333 | AK40: =AH137 -> 72 | AL40: V9 | AN40: =IF(AS40/24=0,0,AS40/24) -> 0 | AO40: =IF(BA40=0,"",BA40) -> 0.041666667 | AP40: =S40*24+24 -> 34 | AQ40: =V40*24 -> 11 | AR40: =AS40 -> 0 | AS40: =IF(AV40>=4,AT40,AT40) -> 0 | AT40: =IF(AV40>8,8,AU40) -> 0 | AU40: =IF(AV40<0,0,AV40) -> 0 | AV40: =IF(AP40=AQ40,0,IF(AP40>AQ40,AW40,IF(AP40>=6,AX40,AQ40-AP40))) -> -4 | AW40: =IF(AP40<6,(AQ40-22+24)+(6-AP40),IF(AP40>=22,AY40,IF(AV10<=6,(AQ40-22)+24,8))) -> -4 | AX40: =IF(AQ40>22,AZ40,IF(AP40<AQ40,AP40-AQ40,IF(AP40>6,0,(6-AP40)))) -> 0 | AY40: =IF(AQ40<=6,(AQ40-AP40)+24,IF(AQ40>22,8,(6-AP40)+24)) -> -4 | AZ40: =IF(AP40<=6,(6-AP40)+(AQ40-22),IF(AP40>22,(AQ40-AP40),(AQ40-22))) -> -23 | BA40: =IF(V40-S40>=0,V40-S40,V40-S40+24) -> 0.041666667 | BB40: =IF(AO40<1,AO40*24,(AO40-24)*24) -> 1 | BC40: =IF(BB40>=0,BB40,BB40+24) -> 1 | BD40: =IF(AX40<=0,AN40,IF(AX40>=0.1,AX40/24)) -> 0
AK41: =AH148 -> 56 | AL41: V10 | AP41: =S41*24 -> 0 | AR41: 1 | AS41: 2 | AT41: 3 | AU41: 4 | AV41: 5 | AW41: 6 | AX41: 7 | AY41: 8 | AZ41: 9
C42: http://oscar.org.es | W42: =CONTROL!B38 -> OSCAR ORGEIRA © 20.03.00 EXCEL | AK42: =AH159 -> 168 | AL42: V11
C43: notas | E43: *Aquí notas que se vean en el cuadrante... | AK43: =AH170 -> 0 | AL43: V12
BE44: =INDEX({"do";"lu";"ma";"mi";"ju";"vi";"sa"},1+MOD($AR$47+4-2,7)) -> ju
B45: FEST. FINDE | C45: =IF(C7="S",IF(C7="",0,1),IF(C7="D",IF(C7="",0,1),"")) | D45: =IF(D7="S",IF(D7="",0,1),IF(D7="D",IF(D7="",0,1),"")) | E45: =IF(E7="S",IF(E7="",0,1),IF(E7="D",IF(E7="",0,1),"")) -> 1 | F45: =IF(F7="S",IF(F7="",0,1),IF(F7="D",IF(F7="",0,1),"")) -> 1 | G45: =IF(G7="S",IF(G7="",0,1),IF(G7="D",IF(G7="",0,1),"")) | H45: =IF(H7="S",IF(H7="",0,1),IF(H7="D",IF(H7="",0,1),"")) | I45: =IF(I7="S",IF(I7="",0,1),IF(I7="D",IF(I7="",0,1),"")) | J45: =IF(J7="S",IF(J7="",0,1),IF(J7="D",IF(J7="",0,1),"")) | ... AH45: =IF(AH7="S",IF(AH7="",0,1),IF(AH7="D",IF(AH7="",0,1),"")) | AI45: SUMAS | BE45: =IF(MONTH($Q$4)<>MONTH($Q$4-(WEEKDAY($Q$4,1)-($AR$47-1))-IF((WEEKDAY($Q$4,1)-($AR$47-1))<=0,7,0)+(ROW(BE45)-ROW($AN$51))*7+(COLUMN(BE45)-COLUMN($AN$51)+1)),"",$Q$4-(WEEKDAY($Q$4,1)-($AR$47-1))-IF((WEEKDAY($Q$4,1)-($AR$47-1))<=0,7,0)+(ROW(BE45)-ROW($AN$51))*7+(COLUMN(BE45)-COLUMN($AN$51)+1))
A46: MARCADOR X | B46: FESTIVOS | C46: =IF(C6="X",IF(C6="",0,1),IF(C45=1,IF(C45="",0,1),"")) | D46: =IF(D6="X",IF(D6="",0,1),IF(D45=1,IF(D45="",0,1),"")) | E46: =IF(E6="X",IF(E6="",0,1),IF(E45=1,IF(E45="",0,1),"")) -> 1 | F46: =IF(F6="X",IF(F6="",0,1),IF(F45=1,IF(F45="",0,1),"")) -> 1 | G46: =IF(G6="X",IF(G6="",0,1),IF(G45=1,IF(G45="",0,1),"")) | H46: =IF(H6="X",IF(H6="",0,1),IF(H45=1,IF(H45="",0,1),"")) | I46: =IF(I6="X",IF(I6="",0,1),IF(I45=1,IF(I45="",0,1),"")) | J46: =IF(J6="X",IF(J6="",0,1),IF(J45=1,IF(J45="",0,1),"")) | ... AG46: =IF(AG6="X",IF(AG6="",0,1),IF(AG45=1,IF(AG45="",0,1),"")) -> 1 | AH46: =IF(AH6="X",IF(AH6="",0,1)) -> FALSE | AI46: =(AH32-AH33)*AL46 -> 4.5 | AK46: f | AL46: =SUM(C46:AG46) -> 9
A47: VS1 | B47: ENTRADA | C47: =IF(C9=$R32,$S32*24,IF(C9=$R33,$S33*24,IF(C9=$R34,$S34*24,IF(C9=$R35,$S35*24,IF(C9=$R36,$S36*24,IF(C9=$R37,$S37*24,IF(C9=$R38,$S38*24,IF(C9=$R39,$S39*24,IF(C9=$R40,$S40*24,""))))))))) | D47: =IF(D9=$R32,$S32*24,IF(D9=$R33,$S33*24,IF(D9=$R34,$S34*24,IF(D9=$R35,$S35*24,IF(D9=$R36,$S36*24,IF(D9=$R37,$S37*24,IF(D9=$R38,$S38*24,IF(D9=$R39,$S39*24,IF(D9=$R40,$S40*24,""))))))))) | E47: =IF(E9=$R32,$S32*24,IF(E9=$R33,$S33*24,IF(E9=$R34,$S34*24,IF(E9=$R35,$S35*24,IF(E9=$R36,$S36*24,IF(E9=$R37,$S37*24,IF(E9=$R38,$S38*24,IF(E9=$R39,$S39*24,IF(E9=$R40,$S40*24,""))))))))) | F47: =IF(F9=$R32,$S32*24,IF(F9=$R33,$S33*24,IF(F9=$R34,$S34*24,IF(F9=$R35,$S35*24,IF(F9=$R36,$S36*24,IF(F9=$R37,$S37*24,IF(F9=$R38,$S38*24,IF(F9=$R39,$S39*24,IF(F9=$R40,$S40*24,""))))))))) | G47: =IF(G9=$R32,$S32*24,IF(G9=$R33,$S33*24,IF(G9=$R34,$S34*24,IF(G9=$R35,$S35*24,IF(G9=$R36,$S36*24,IF(G9=$R37,$S37*24,IF(G9=$R38,$S38*24,IF(G9=$R39,$S39*24,IF(G9=$R40,$S40*24,""))))))))) | H47: =IF(H9=$R32,$S32*24,IF(H9=$R33,$S33*24,IF(H9=$R34,$S34*24,IF(H9=$R35,$S35*24,IF(H9=$R36,$S36*24,IF(H9=$R37,$S37*24,IF(H9=$R38,$S38*24,IF(H9=$R39,$S39*24,IF(H9=$R40,$S40*24,""))))))))) | I47: =IF(I9=$R32,$S32*24,IF(I9=$R33,$S33*24,IF(I9=$R34,$S34*24,IF(I9=$R35,$S35*24,IF(I9=$R36,$S36*24,IF(I9=$R37,$S37*24,IF(I9=$R38,$S38*24,IF(I9=$R39,$S39*24,IF(I9=$R40,$S40*24,""))))))))) | J47: =IF(J9=$R32,$S32*24,IF(J9=$R33,$S33*24,IF(J9=$R34,$S34*24,IF(J9=$R35,$S35*24,IF(J9=$R36,$S36*24,IF(J9=$R37,$S37*24,IF(J9=$R38,$S38*24,IF(J9=$R39,$S39*24,IF(J9=$R40,$S40*24,""))))))))) | ... AG47: =IF(AG9=$R32,$S32*24,IF(AG9=$R33,$S33*24,IF(AG9=$R34,$S34*24,IF(AG9=$R35,$S35*24,IF(AG9=$R36,$S36*24,IF(AG9=$R37,$S37*24,IF(AG9=$R38,$S38*24,IF(AG9=$R39,$S39*24,IF(AG9=$R40,$S40*24,""))))))))) | AH47: X | AI47: =(CA59-AH46)*AH33 -> 0 | AK47: n | AN47: CALENDARIO | AQ47: d | AR47: 2 | AS47: 1 | AT47: =IF(AN53="lu","LUNES",IF(AN53="ma","MARTES",IF(AN53="mi","MIERCOLES",IF(AN53="ju","JUEVES",IF(AN53="vi","VIERNES",IF(AN53="sa","SABADO",IF(AN53="do","DOMINGO",IF(AO53="lu","LUNES",IF(AO53="ma","MARTES",IF(AO53="mi","MIERCOLES",IF(AO53="ju","JUEVES",IF(AO53="vi","VIERNES",IF(AO53="sa","SABADO",IF(AO53="do","DOMINGO",IF(AP53="lu","LUNES",IF(AP53="ma","MARTES",IF(AP53="mi","MIERCOLES",IF(AP53="ju","JUEVES",IF(AP53="vi","VIERNES",IF(AP53="sa","SABADO",IF(AP53="do","DOMINGO",IF(AQ53="lu","LUNES",IF(AQ53="ma","MARTES",IF(AQ53="mi","MIERCOLES",IF(AQ53="ju","JUEVES",IF(AQ53="vi","VIERNES",IF(AQ53="sa","SABADO",IF(AQ53="do","DOMINGO",IF(AR53="lu","LUNES",IF(AR53="ma","MARTES",IF(AR53="mi","MIERCOLES",IF(AR53="ju","JUEVES",IF(AR53="vi","VIERNES",IF(AR53="sa","SABADO",IF(AR53="do","DOMINGO",""))))))))))))))))))))))))))))))))))) -> JUEVES | AU47: ds | AV47: =IF(AT47="LUNES","LUNES",IF(AT47="MARTES","MARTES",IF(AT47="MIERCOLES","MIERCOLES",IF(AT47="JUEVES","JUEVES",IF(AT47="VIERNES","VIERNES",IF(AT47="SABADO","SABADO",IF(AT47="DOMINGO","DOMINGO",IF(AT48="LUNES","LUNES",IF(AT48="MARTES","MARTES",IF(AT48="MIERCOLES","MIERCOLES",IF(AT48="JUEVES","JUEVES",IF(AT48="VIERNES","VIERNES",IF(AT48="SABADO","SABADO",IF(AT48="DOMINGO","DOMINGO","")))))))))))))) -> JUEVES | AW47: 28 | AX47: =$AR$48+27 -> 46050 | AY47: 30 | AZ47: =$AR$48+29 -> 46052
A48: C09 | B48: SALIDA | C48: =IF(C9=$R32,$V32*24,IF(C9=$R33,$V33*24,IF(C9=$R34,$V34*24,IF(C9=$R35,$V35*24,IF(C9=$R36,$V36*24,IF(C9=$R37,$V37*24,IF(C9=$R38,$V38*24,IF(C9=$R39,$V39*24,IF(C9=$R40,$V40*24,""))))))))) | D48: =IF(D9=$R32,$V32*24,IF(D9=$R33,$V33*24,IF(D9=$R34,$V34*24,IF(D9=$R35,$V35*24,IF(D9=$R36,$V36*24,IF(D9=$R37,$V37*24,IF(D9=$R38,$V38*24,IF(D9=$R39,$V39*24,IF(D9=$R40,$V40*24,""))))))))) | E48: =IF(E9=$R32,$V32*24,IF(E9=$R33,$V33*24,IF(E9=$R34,$V34*24,IF(E9=$R35,$V35*24,IF(E9=$R36,$V36*24,IF(E9=$R37,$V37*24,IF(E9=$R38,$V38*24,IF(E9=$R39,$V39*24,IF(E9=$R40,$V40*24,""))))))))) | F48: =IF(F9=$R32,$V32*24,IF(F9=$R33,$V33*24,IF(F9=$R34,$V34*24,IF(F9=$R35,$V35*24,IF(F9=$R36,$V36*24,IF(F9=$R37,$V37*24,IF(F9=$R38,$V38*24,IF(F9=$R39,$V39*24,IF(F9=$R40,$V40*24,""))))))))) | G48: =IF(G9=$R32,$V32*24,IF(G9=$R33,$V33*24,IF(G9=$R34,$V34*24,IF(G9=$R35,$V35*24,IF(G9=$R36,$V36*24,IF(G9=$R37,$V37*24,IF(G9=$R38,$V38*24,IF(G9=$R39,$V39*24,IF(G9=$R40,$V40*24,""))))))))) | H48: =IF(H9=$R32,$V32*24,IF(H9=$R33,$V33*24,IF(H9=$R34,$V34*24,IF(H9=$R35,$V35*24,IF(H9=$R36,$V36*24,IF(H9=$R37,$V37*24,IF(H9=$R38,$V38*24,IF(H9=$R39,$V39*24,IF(H9=$R40,$V40*24,""))))))))) | I48: =IF(I9=$R32,$V32*24,IF(I9=$R33,$V33*24,IF(I9=$R34,$V34*24,IF(I9=$R35,$V35*24,IF(I9=$R36,$V36*24,IF(I9=$R37,$V37*24,IF(I9=$R38,$V38*24,IF(I9=$R39,$V39*24,IF(I9=$R40,$V40*24,""))))))))) | J48: =IF(J9=$R32,$V32*24,IF(J9=$R33,$V33*24,IF(J9=$R34,$V34*24,IF(J9=$R35,$V35*24,IF(J9=$R36,$V36*24,IF(J9=$R37,$V37*24,IF(J9=$R38,$V38*24,IF(J9=$R39,$V39*24,IF(J9=$R40,$V40*24,""))))))))) | ... AG48: =IF(AG9=$R32,$V32*24,IF(AG9=$R33,$V33*24,IF(AG9=$R34,$V34*24,IF(AG9=$R35,$V35*24,IF(AG9=$R36,$V36*24,IF(AG9=$R37,$V37*24,IF(AG9=$R38,$V38*24,IF(AG9=$R39,$V39*24,IF(AG9=$R40,$V40*24,""))))))))) | AH48: X | AI48: =SUM(AI46:AI47) -> 4.5 | AK48: t | AQ48: dnº | AR48: =DATE($C$34,$C$35,1) -> 46023 | AS48: 2 | AT48: =IF(AS53="lu","LUNES",IF(AS53="ma","MARTES",IF(AS53="mi","MIERCOLES",IF(AS53="ju","JUEVES",IF(AS53="vi","VIERNES",IF(AS53="sa","SABADO",IF(AS53="do","DOMINGO",IF(AT53="lu","LUNES",IF(AT53="ma","MARTES",IF(AT53="mi","MIERCOLES",IF(AT53="ju","JUEVES",IF(AT53="vi","VIERNES",IF(AT53="sa","SABADO",IF(AT53="do","DOMINGO","")))))))))))))) | AW48: 29 | AX48: =$AR$48+28 -> 46051 | AY48: 31 | AZ48: =$AR$48+30 -> 46053
B49: NOCTURNIDAD | C49: =IF(C9=$R32,$BD32*24,IF(C9=$R33,$BD33*24,IF(C9=$R34,$BD34*24,IF(C9=$R35,$BD35*24,IF(C9=$R36,$BD36*24,IF(C9=$R37,$BD37*24,IF(C9=$R38,$BD38*24,IF(C9=$R39,$BD39*24,IF(C9=$R40,$BD40*24,""))))))))) | D49: =IF(D9=$R32,$BD32*24,IF(D9=$R33,$BD33*24,IF(D9=$R34,$BD34*24,IF(D9=$R35,$BD35*24,IF(D9=$R36,$BD36*24,IF(D9=$R37,$BD37*24,IF(D9=$R38,$BD38*24,IF(D9=$R39,$BD39*24,IF(D9=$R40,$BD40*24,""))))))))) | E49: =IF(E9=$R32,$BD32*24,IF(E9=$R33,$BD33*24,IF(E9=$R34,$BD34*24,IF(E9=$R35,$BD35*24,IF(E9=$R36,$BD36*24,IF(E9=$R37,$BD37*24,IF(E9=$R38,$BD38*24,IF(E9=$R39,$BD39*24,IF(E9=$R40,$BD40*24,""))))))))) | F49: =IF(F9=$R32,$BD32*24,IF(F9=$R33,$BD33*24,IF(F9=$R34,$BD34*24,IF(F9=$R35,$BD35*24,IF(F9=$R36,$BD36*24,IF(F9=$R37,$BD37*24,IF(F9=$R38,$BD38*24,IF(F9=$R39,$BD39*24,IF(F9=$R40,$BD40*24,""))))))))) | G49: =IF(G9=$R32,$BD32*24,IF(G9=$R33,$BD33*24,IF(G9=$R34,$BD34*24,IF(G9=$R35,$BD35*24,IF(G9=$R36,$BD36*24,IF(G9=$R37,$BD37*24,IF(G9=$R38,$BD38*24,IF(G9=$R39,$BD39*24,IF(G9=$R40,$BD40*24,""))))))))) | H49: =IF(H9=$R32,$BD32*24,IF(H9=$R33,$BD33*24,IF(H9=$R34,$BD34*24,IF(H9=$R35,$BD35*24,IF(H9=$R36,$BD36*24,IF(H9=$R37,$BD37*24,IF(H9=$R38,$BD38*24,IF(H9=$R39,$BD39*24,IF(H9=$R40,$BD40*24,""))))))))) | I49: =IF(I9=$R32,$BD32*24,IF(I9=$R33,$BD33*24,IF(I9=$R34,$BD34*24,IF(I9=$R35,$BD35*24,IF(I9=$R36,$BD36*24,IF(I9=$R37,$BD37*24,IF(I9=$R38,$BD38*24,IF(I9=$R39,$BD39*24,IF(I9=$R40,$BD40*24,""))))))))) | J49: =IF(J9=$R32,$BD32*24,IF(J9=$R33,$BD33*24,IF(J9=$R34,$BD34*24,IF(J9=$R35,$BD35*24,IF(J9=$R36,$BD36*24,IF(J9=$R37,$BD37*24,IF(J9=$R38,$BD38*24,IF(J9=$R39,$BD39*24,IF(J9=$R40,$BD40*24,""))))))))) | ... AG49: =IF(AG9=$R32,$BD32*24,IF(AG9=$R33,$BD33*24,IF(AG9=$R34,$BD34*24,IF(AG9=$R35,$BD35*24,IF(AG9=$R36,$BD36*24,IF(AG9=$R37,$BD37*24,IF(AG9=$R38,$BD38*24,IF(AG9=$R39,$BD39*24,IF(AG9=$R40,$BD40*24,""))))))))) | AH49: =SUM(C49:AG49) -> 0 | AI49: =C37*AF36 -> 0 | AK49: j | AN49: =Q4 -> 46023
B50: VACACIONES | C50: =IF(C9="V",$C36,IF(C9="PR",$C38,0)) -> 0 | D50: =IF(D9="V",$C36,IF(D9="PR",$C38,0)) -> 0 | E50: =IF(E9="V",$C36,IF(E9="PR",$C38,0)) -> 0 | F50: =IF(F9="V",$C36,IF(F9="PR",$C38,0)) -> 0 | G50: =IF(G9="V",$C36,IF(G9="PR",$C38,0)) -> 0 | H50: =IF(H9="V",$C36,IF(H9="PR",$C38,0)) -> 0 | I50: =IF(I9="V",$C36,IF(I9="PR",$C38,0)) -> 0 | J50: =IF(J9="V",$C36,IF(J9="PR",$C38,0)) -> 0 | ... AG50: =IF(AG9="V",$C36,IF(AG9="PR",$C38,0)) -> 0 | AH50: =SUM(C50:AG50) -> 0 | AJ50: X | AN50: =INDEX({"do";"lu";"ma";"mi";"ju";"vi";"sa"},1+MOD($AR$47+1-2,7)) -> lu | AO50: =INDEX({"do";"lu";"ma";"mi";"ju";"vi";"sa"},1+MOD($AR$47+2-2,7)) -> ma | AP50: =INDEX({"do";"lu";"ma";"mi";"ju";"vi";"sa"},1+MOD($AR$47+3-2,7)) -> mi | AQ50: =INDEX({"do";"lu";"ma";"mi";"ju";"vi";"sa"},1+MOD($AR$47+4-2,7)) -> ju | AR50: =INDEX({"do";"lu";"ma";"mi";"ju";"vi";"sa"},1+MOD($AR$47+5-2,7)) -> vi | AS50: =INDEX({"do";"lu";"ma";"mi";"ju";"vi";"sa"},1+MOD($AR$47+6-2,7)) -> sa | AT50: =INDEX({"do";"lu";"ma";"mi";"ju";"vi";"sa"},1+MOD($AR$47+7-2,7)) -> do | AU50: =INDEX({"do";"lu";"ma";"mi";"ju";"vi";"sa"},1+MOD($AR$47+1-2,7)) -> lu | AV50: =INDEX({"do";"lu";"ma";"mi";"ju";"vi";"sa"},1+MOD($AR$47+2-2,7)) -> ma | AW50: =INDEX({"do";"lu";"ma";"mi";"ju";"vi";"sa"},1+MOD($AR$47+3-2,7)) -> mi | AX50: =INDEX({"do";"lu";"ma";"mi";"ju";"vi";"sa"},1+MOD($AR$47+4-2,7)) -> ju | AY50: =INDEX({"do";"lu";"ma";"mi";"ju";"vi";"sa"},1+MOD($AR$47+5-2,7)) -> vi | AZ50: =INDEX({"do";"lu";"ma";"mi";"ju";"vi";"sa"},1+MOD($AR$47+6-2,7)) -> sa | BA50: =INDEX({"do";"lu";"ma";"mi";"ju";"vi";"sa"},1+MOD($AR$47+7-2,7)) -> do | BB50: =INDEX({"do";"lu";"ma";"mi";"ju";"vi";"sa"},1+MOD($AR$47+1-2,7)) -> lu | BC50: =INDEX({"do";"lu";"ma";"mi";"ju";"vi";"sa"},1+MOD($AR$47+2-2,7)) -> ma | BD50: =INDEX({"do";"lu";"ma";"mi";"ju";"vi";"sa"},1+MOD($AR$47+3-2,7)) -> mi | BF50: =INDEX({"do";"lu";"ma";"mi";"ju";"vi";"sa"},1+MOD($AR$47+5-2,7)) -> vi | BG50: =INDEX({"do";"lu";"ma";"mi";"ju";"vi";"sa"},1+MOD($AR$47+6-2,7)) -> sa | BH50: =INDEX({"do";"lu";"ma";"mi";"ju";"vi";"sa"},1+MOD($AR$47+7-2,7)) -> do | BI50: =INDEX({"do";"lu";"ma";"mi";"ju";"vi";"sa"},1+MOD($AR$47+1-2,7)) -> lu | BJ50: =INDEX({"do";"lu";"ma";"mi";"ju";"vi";"sa"},1+MOD($AR$47+2-2,7)) -> ma | BK50: =INDEX({"do";"lu";"ma";"mi";"ju";"vi";"sa"},1+MOD($AR$47+3-2,7)) -> mi | BL50: =INDEX({"do";"lu";"ma";"mi";"ju";"vi";"sa"},1+MOD($AR$47+4-2,7)) -> ju | BM50: =INDEX({"do";"lu";"ma";"mi";"ju";"vi";"sa"},1+MOD($AR$47+5-2,7)) -> vi | BN50: =INDEX({"do";"lu";"ma";"mi";"ju";"vi";"sa"},1+MOD($AR$47+6-2,7)) -> sa | BO50: =INDEX({"do";"lu";"ma";"mi";"ju";"vi";"sa"},1+MOD($AR$47+7-2,7)) -> do | BP50: =INDEX({"do";"lu";"ma";"mi";"ju";"vi";"sa"},1+MOD($AR$47+1-2,7)) -> lu | BQ50: =INDEX({"do";"lu";"ma";"mi";"ju";"vi";"sa"},1+MOD($AR$47+2-2,7)) -> ma | BR50: =INDEX({"do";"lu";"ma";"mi";"ju";"vi";"sa"},1+MOD($AR$47+3-2,7)) -> mi | BS50: =INDEX({"do";"lu";"ma";"mi";"ju";"vi";"sa"},1+MOD($AR$47+4-2,7)) -> ju | BT50: =INDEX({"do";"lu";"ma";"mi";"ju";"vi";"sa"},1+MOD($AR$47+5-2,7)) -> vi | BU50: =INDEX({"do";"lu";"ma";"mi";"ju";"vi";"sa"},1+MOD($AR$47+6-2,7)) -> sa | BV50: =INDEX({"do";"lu";"ma";"mi";"ju";"vi";"sa"},1+MOD($AR$47+7-2,7)) -> do | BW50: =INDEX({"do";"lu";"ma";"mi";"ju";"vi";"sa"},1+MOD($AR$47+1-2,7)) -> lu | BX50: =INDEX({"do";"lu";"ma";"mi";"ju";"vi";"sa"},1+MOD($AR$47+2-2,7)) -> ma
A51: HORAS | B51: SUMA HORAS | C51: =IF(C9=$R32,$BC32,IF(C9=$R33,$BC33,IF(C9=$R34,$BC34,IF(C9=$R35,$BC35,IF(C9=$R36,$BC36,IF(C9=$R37,$BC37,IF(C9=$R38,$BC38,IF(C9=$R39,$BC39,IF(C9=$R40,$BC40,0))))))))) -> 0 | D51: =IF(D9=$R32,$BC32,IF(D9=$R33,$BC33,IF(D9=$R34,$BC34,IF(D9=$R35,$BC35,IF(D9=$R36,$BC36,IF(D9=$R37,$BC37,IF(D9=$R38,$BC38,IF(D9=$R39,$BC39,IF(D9=$R40,$BC40,0))))))))) -> 0 | E51: =IF(E9=$R32,$BC32,IF(E9=$R33,$BC33,IF(E9=$R34,$BC34,IF(E9=$R35,$BC35,IF(E9=$R36,$BC36,IF(E9=$R37,$BC37,IF(E9=$R38,$BC38,IF(E9=$R39,$BC39,IF(E9=$R40,$BC40,0))))))))) -> 0 | F51: =IF(F9=$R32,$BC32,IF(F9=$R33,$BC33,IF(F9=$R34,$BC34,IF(F9=$R35,$BC35,IF(F9=$R36,$BC36,IF(F9=$R37,$BC37,IF(F9=$R38,$BC38,IF(F9=$R39,$BC39,IF(F9=$R40,$BC40,0))))))))) -> 0 | G51: =IF(G9=$R32,$BC32,IF(G9=$R33,$BC33,IF(G9=$R34,$BC34,IF(G9=$R35,$BC35,IF(G9=$R36,$BC36,IF(G9=$R37,$BC37,IF(G9=$R38,$BC38,IF(G9=$R39,$BC39,IF(G9=$R40,$BC40,0))))))))) -> 0 | H51: =IF(H9=$R32,$BC32,IF(H9=$R33,$BC33,IF(H9=$R34,$BC34,IF(H9=$R35,$BC35,IF(H9=$R36,$BC36,IF(H9=$R37,$BC37,IF(H9=$R38,$BC38,IF(H9=$R39,$BC39,IF(H9=$R40,$BC40,0))))))))) -> 0 | I51: =IF(I9=$R32,$BC32,IF(I9=$R33,$BC33,IF(I9=$R34,$BC34,IF(I9=$R35,$BC35,IF(I9=$R36,$BC36,IF(I9=$R37,$BC37,IF(I9=$R38,$BC38,IF(I9=$R39,$BC39,IF(I9=$R40,$BC40,0))))))))) -> 0 | J51: =IF(J9=$R32,$BC32,IF(J9=$R33,$BC33,IF(J9=$R34,$BC34,IF(J9=$R35,$BC35,IF(J9=$R36,$BC36,IF(J9=$R37,$BC37,IF(J9=$R38,$BC38,IF(J9=$R39,$BC39,IF(J9=$R40,$BC40,0))))))))) -> 0 | ... AG51: =IF(AG9=$R32,$BC32,IF(AG9=$R33,$BC33,IF(AG9=$R34,$BC34,IF(AG9=$R35,$BC35,IF(AG9=$R36,$BC36,IF(AG9=$R37,$BC37,IF(AG9=$R38,$BC38,IF(AG9=$R39,$BC39,IF(AG9=$R40,$BC40,0))))))))) -> 0 | AH51: =SUM(C51:AG51) -> 0 | AJ51: h | AK51: X | AN51: =IF(MONTH($Q$4)<>MONTH($Q$4-(WEEKDAY($Q$4,1)-($AR$47-1))-IF((WEEKDAY($Q$4,1)-($AR$47-1))<=0,7,0)+(ROW(AN51)-ROW($AN$51))*7+(COLUMN(AN51)-COLUMN($AN$51)+1)),"",$Q$4-(WEEKDAY($Q$4,1)-($AR$47-1))-IF((WEEKDAY($Q$4,1)-($AR$47-1))<=0,7,0)+(ROW(AN51)-ROW($AN$51))*7+(COLUMN(AN51)-COLUMN($AN$51)+1)) | AO51: =IF(MONTH($Q$4)<>MONTH($Q$4-(WEEKDAY($Q$4,1)-($AR$47-1))-IF((WEEKDAY($Q$4,1)-($AR$47-1))<=0,7,0)+(ROW(AO51)-ROW($AN$51))*7+(COLUMN(AO51)-COLUMN($AN$51)+1)),"",$Q$4-(WEEKDAY($Q$4,1)-($AR$47-1))-IF((WEEKDAY($Q$4,1)-($AR$47-1))<=0,7,0)+(ROW(AO51)-ROW($AN$51))*7+(COLUMN(AO51)-COLUMN($AN$51)+1)) | AP51: =IF(MONTH($Q$4)<>MONTH($Q$4-(WEEKDAY($Q$4,1)-($AR$47-1))-IF((WEEKDAY($Q$4,1)-($AR$47-1))<=0,7,0)+(ROW(AP51)-ROW($AN$51))*7+(COLUMN(AP51)-COLUMN($AN$51)+1)),"",$Q$4-(WEEKDAY($Q$4,1)-($AR$47-1))-IF((WEEKDAY($Q$4,1)-($AR$47-1))<=0,7,0)+(ROW(AP51)-ROW($AN$51))*7+(COLUMN(AP51)-COLUMN($AN$51)+1)) | AQ51: =IF(MONTH($Q$4)<>MONTH($Q$4-(WEEKDAY($Q$4,1)-($AR$47-1))-IF((WEEKDAY($Q$4,1)-($AR$47-1))<=0,7,0)+(ROW(AQ51)-ROW($AN$51))*7+(COLUMN(AQ51)-COLUMN($AN$51)+1)),"",$Q$4-(WEEKDAY($Q$4,1)-($AR$47-1))-IF((WEEKDAY($Q$4,1)-($AR$47-1))<=0,7,0)+(ROW(AQ51)-ROW($AN$51))*7+(COLUMN(AQ51)-COLUMN($AN$51)+1)) -> 46023 | AR51: =IF(MONTH($Q$4)<>MONTH($Q$4-(WEEKDAY($Q$4,1)-($AR$47-1))-IF((WEEKDAY($Q$4,1)-($AR$47-1))<=0,7,0)+(ROW(AR51)-ROW($AN$51))*7+(COLUMN(AR51)-COLUMN($AN$51)+1)),"",$Q$4-(WEEKDAY($Q$4,1)-($AR$47-1))-IF((WEEKDAY($Q$4,1)-($AR$47-1))<=0,7,0)+(ROW(AR51)-ROW($AN$51))*7+(COLUMN(AR51)-COLUMN($AN$51)+1)) -> 46024 | AS51: =IF(MONTH($Q$4)<>MONTH($Q$4-(WEEKDAY($Q$4,1)-($AR$47-1))-IF((WEEKDAY($Q$4,1)-($AR$47-1))<=0,7,0)+(ROW(AS51)-ROW($AN$51))*7+(COLUMN(AS51)-COLUMN($AN$51)+1)),"",$Q$4-(WEEKDAY($Q$4,1)-($AR$47-1))-IF((WEEKDAY($Q$4,1)-($AR$47-1))<=0,7,0)+(ROW(AS51)-ROW($AN$51))*7+(COLUMN(AS51)-COLUMN($AN$51)+1)) -> 46025 | AT51: =IF(MONTH($Q$4)<>MONTH($Q$4-(WEEKDAY($Q$4,1)-($AR$47-1))-IF((WEEKDAY($Q$4,1)-($AR$47-1))<=0,7,0)+(ROW(AT51)-ROW($AN$51))*7+(COLUMN(AT51)-COLUMN($AN$51)+1)),"",$Q$4-(WEEKDAY($Q$4,1)-($AR$47-1))-IF((WEEKDAY($Q$4,1)-($AR$47-1))<=0,7,0)+(ROW(AT51)-ROW($AN$51))*7+(COLUMN(AT51)-COLUMN($AN$51)+1)) -> 46026 | AU51: =IF(MONTH($Q$4)<>MONTH($Q$4-(WEEKDAY($Q$4,1)-($AR$47-1))-IF((WEEKDAY($Q$4,1)-($AR$47-1))<=0,7,0)+(ROW(AU51)-ROW($AN$51))*7+(COLUMN(AU51)-COLUMN($AN$51)+1)),"",$Q$4-(WEEKDAY($Q$4,1)-($AR$47-1))-IF((WEEKDAY($Q$4,1)-($AR$47-1))<=0,7,0)+(ROW(AU51)-ROW($AN$51))*7+(COLUMN(AU51)-COLUMN($AN$51)+1)) -> 46027 | ... BD51: =IF(MONTH($Q$4)<>MONTH($Q$4-(WEEKDAY($Q$4,1)-($AR$47-1))-IF((WEEKDAY($Q$4,1)-($AR$47-1))<=0,7,0)+(ROW(BD51)-ROW($AN$51))*7+(COLUMN(BD51)-COLUMN($AN$51)+1)),"",$Q$4-(WEEKDAY($Q$4,1)-($AR$47-1))-IF((WEEKDAY($Q$4,1)-($AR$47-1))<=0,7,0)+(ROW(BD51)-ROW($AN$51))*7+(COLUMN(BD51)-COLUMN($AN$51)+1)) -> 46036 | BF51: =IF(MONTH($Q$4)<>MONTH($Q$4-(WEEKDAY($Q$4,1)-($AR$47-1))-IF((WEEKDAY($Q$4,1)-($AR$47-1))<=0,7,0)+(ROW(BF51)-ROW($AN$51))*7+(COLUMN(BF51)-COLUMN($AN$51)+1)),"",$Q$4-(WEEKDAY($Q$4,1)-($AR$47-1))-IF((WEEKDAY($Q$4,1)-($AR$47-1))<=0,7,0)+(ROW(BF51)-ROW($AN$51))*7+(COLUMN(BF51)-COLUMN($AN$51)+1)) -> 46038 | BG51: =IF(MONTH($Q$4)<>MONTH($Q$4-(WEEKDAY($Q$4,1)-($AR$47-1))-IF((WEEKDAY($Q$4,1)-($AR$47-1))<=0,7,0)+(ROW(BG51)-ROW($AN$51))*7+(COLUMN(BG51)-COLUMN($AN$51)+1)),"",$Q$4-(WEEKDAY($Q$4,1)-($AR$47-1))-IF((WEEKDAY($Q$4,1)-($AR$47-1))<=0,7,0)+(ROW(BG51)-ROW($AN$51))*7+(COLUMN(BG51)-COLUMN($AN$51)+1)) -> 46039 | BH51: =IF(MONTH($Q$4)<>MONTH($Q$4-(WEEKDAY($Q$4,1)-($AR$47-1))-IF((WEEKDAY($Q$4,1)-($AR$47-1))<=0,7,0)+(ROW(BH51)-ROW($AN$51))*7+(COLUMN(BH51)-COLUMN($AN$51)+1)),"",$Q$4-(WEEKDAY($Q$4,1)-($AR$47-1))-IF((WEEKDAY($Q$4,1)-($AR$47-1))<=0,7,0)+(ROW(BH51)-ROW($AN$51))*7+(COLUMN(BH51)-COLUMN($AN$51)+1)) -> 46040 | BI51: =IF(MONTH($Q$4)<>MONTH($Q$4-(WEEKDAY($Q$4,1)-($AR$47-1))-IF((WEEKDAY($Q$4,1)-($AR$47-1))<=0,7,0)+(ROW(BI51)-ROW($AN$51))*7+(COLUMN(BI51)-COLUMN($AN$51)+1)),"",$Q$4-(WEEKDAY($Q$4,1)-($AR$47-1))-IF((WEEKDAY($Q$4,1)-($AR$47-1))<=0,7,0)+(ROW(BI51)-ROW($AN$51))*7+(COLUMN(BI51)-COLUMN($AN$51)+1)) -> 46041 | BJ51: =IF(MONTH($Q$4)<>MONTH($Q$4-(WEEKDAY($Q$4,1)-($AR$47-1))-IF((WEEKDAY($Q$4,1)-($AR$47-1))<=0,7,0)+(ROW(BJ51)-ROW($AN$51))*7+(COLUMN(BJ51)-COLUMN($AN$51)+1)),"",$Q$4-(WEEKDAY($Q$4,1)-($AR$47-1))-IF((WEEKDAY($Q$4,1)-($AR$47-1))<=0,7,0)+(ROW(BJ51)-ROW($AN$51))*7+(COLUMN(BJ51)-COLUMN($AN$51)+1)) -> 46042 | BK51: =IF(MONTH($Q$4)<>MONTH($Q$4-(WEEKDAY($Q$4,1)-($AR$47-1))-IF((WEEKDAY($Q$4,1)-($AR$47-1))<=0,7,0)+(ROW(BK51)-ROW($AN$51))*7+(COLUMN(BK51)-COLUMN($AN$51)+1)),"",$Q$4-(WEEKDAY($Q$4,1)-($AR$47-1))-IF((WEEKDAY($Q$4,1)-($AR$47-1))<=0,7,0)+(ROW(BK51)-ROW($AN$51))*7+(COLUMN(BK51)-COLUMN($AN$51)+1)) -> 46043 | BL51: =IF(MONTH($Q$4)<>MONTH($Q$4-(WEEKDAY($Q$4,1)-($AR$47-1))-IF((WEEKDAY($Q$4,1)-($AR$47-1))<=0,7,0)+(ROW(BL51)-ROW($AN$51))*7+(COLUMN(BL51)-COLUMN($AN$51)+1)),"",$Q$4-(WEEKDAY($Q$4,1)-($AR$47-1))-IF((WEEKDAY($Q$4,1)-($AR$47-1))<=0,7,0)+(ROW(BL51)-ROW($AN$51))*7+(COLUMN(BL51)-COLUMN($AN$51)+1)) -> 46044 | BM51: =IF(MONTH($Q$4)<>MONTH($Q$4-(WEEKDAY($Q$4,1)-($AR$47-1))-IF((WEEKDAY($Q$4,1)-($AR$47-1))<=0,7,0)+(ROW(BM51)-ROW($AN$51))*7+(COLUMN(BM51)-COLUMN($AN$51)+1)),"",$Q$4-(WEEKDAY($Q$4,1)-($AR$47-1))-IF((WEEKDAY($Q$4,1)-($AR$47-1))<=0,7,0)+(ROW(BM51)-ROW($AN$51))*7+(COLUMN(BM51)-COLUMN($AN$51)+1)) -> 46045 | ... BX51: =IF(MONTH($Q$4)<>MONTH($Q$4-(WEEKDAY($Q$4,1)-($AR$47-1))-IF((WEEKDAY($Q$4,1)-($AR$47-1))<=0,7,0)+(ROW(BX51)-ROW($AN$51))*7+(COLUMN(BX51)-COLUMN($AN$51)+1)),"",$Q$4-(WEEKDAY($Q$4,1)-($AR$47-1))-IF((WEEKDAY($Q$4,1)-($AR$47-1))<=0,7,0)+(ROW(BX51)-ROW($AN$51))*7+(COLUMN(BX51)-COLUMN($AN$51)+1))
A52: FESTIVOS | B52: DIA | C52: =IF(C46=1,IF(C47<C48,C51,0)) -> FALSE | D52: =IF(D46=1,IF(D47<D48,D51,0)) -> FALSE | E52: =IF(E46=1,IF(E47<E48,E51,0)) -> 0 | F52: =IF(F46=1,IF(F47<F48,F51,0)) -> 0 | G52: =IF(G46=1,IF(G47<G48,G51,0)) -> FALSE | H52: =IF(H46=1,IF(H47<H48,H51,0)) -> FALSE | I52: =IF(I46=1,IF(I47<I48,I51,0)) -> FALSE | J52: =IF(J46=1,IF(J47<J48,J51,0)) -> FALSE | ... AG52: =IF(AG46=1,IF(AG47<AG48,AG51,0)) -> 0 | AH52: X | AN52: =IF(AN51=$AR$48,IF(AN51="",0,1),"") | AO52: =IF(AO51=$AR$48,IF(AO51="",0,1),"") | AP52: =IF(AP51=$AR$48,IF(AP51="",0,1),"") | AQ52: =IF(AQ51=$AR$48,IF(AQ51="",0,1),"") -> 1 | AR52: =IF(AR51=$AR$48,IF(AR51="",0,1),"") | AS52: =IF(AS51=$AR$48,IF(AS51="",0,1),"") | AT52: =IF(AT51=$AR$48,IF(AT51="",0,1),"") | BO52: =BO51 -> 46047 | BP52: =BP51 -> 46048 | BQ52: =BQ51 -> 46049 | BR52: =BR51 -> 46050 | BS52: =BS51 -> 46051 | BT52: =BT51 -> 46052 | BU52: =BU51 -> 46053 | BV52: =BV51 | ... BX52: =BX51
B53: NOCHE 1 | C53: =IF(C46=1,IF(C47>C48,24-C47,0),0) -> 0 | D53: =IF(D46=1,IF(D47>D48,24-D47,0),0) -> 0 | E53: =IF(E46=1,IF(E47>E48,24-E47,0),0) -> 0 | F53: =IF(F46=1,IF(F47>F48,24-F47,0),0) -> 0 | G53: =IF(G46=1,IF(G47>G48,24-G47,0),0) -> 0 | H53: =IF(H46=1,IF(H47>H48,24-H47,0),0) -> 0 | I53: =IF(I46=1,IF(I47>I48,24-I47,0),0) -> 0 | J53: =IF(J46=1,IF(J47>J48,24-J47,0),0) -> 0 | ... AG53: =IF(AG46=1,IF(AG47>AG48,24-AG47,0),0) -> 0 | AH53: X | AN53: =IF(AN52=1,IF(AN52="",0,AN50),"") | AO53: =IF(AO52=1,IF(AO52="",0,AO50),"") | AP53: =IF(AP52=1,IF(AP52="",0,AP50),"") | AQ53: =IF(AQ52=1,IF(AQ52="",0,AQ50),"") -> ju | AR53: =IF(AR52=1,IF(AR52="",0,AR50),"") | AS53: =IF(AS52=1,IF(AS52="",0,AS50),"") | AT53: =IF(AT52=1,IF(AT52="",0,AT50),"") | BO53: =IF(BO52=$AR$48+30,IF(BO52="",0,1),IF(BO52=$AR$48+29,IF(BO52="",0,1),IF(BO52=$AR$48+28,IF(BO52="",0,1),IF(BO52=$AR$48+27,IF(BO52="",0,1),"")))) | BP53: =IF(BP52=$AR$48+30,IF(BP52="",0,1),IF(BP52=$AR$48+29,IF(BP52="",0,1),IF(BP52=$AR$48+28,IF(BP52="",0,1),IF(BP52=$AR$48+27,IF(BP52="",0,1),"")))) | BQ53: =IF(BQ52=$AR$48+30,IF(BQ52="",0,1),IF(BQ52=$AR$48+29,IF(BQ52="",0,1),IF(BQ52=$AR$48+28,IF(BQ52="",0,1),IF(BQ52=$AR$48+27,IF(BQ52="",0,1),"")))) | BR53: =IF(BR52=$AR$48+30,IF(BR52="",0,1),IF(BR52=$AR$48+29,IF(BR52="",0,1),IF(BR52=$AR$48+28,IF(BR52="",0,1),IF(BR52=$AR$48+27,IF(BR52="",0,1),"")))) -> 1 | BS53: =IF(BS52=$AR$48+30,IF(BS52="",0,1),IF(BS52=$AR$48+29,IF(BS52="",0,1),IF(BS52=$AR$48+28,IF(BS52="",0,1),IF(BS52=$AR$48+27,IF(BS52="",0,1),"")))) -> 1 | BT53: =IF(BT52=$AR$48+30,IF(BT52="",0,1),IF(BT52=$AR$48+29,IF(BT52="",0,1),IF(BT52=$AR$48+28,IF(BT52="",0,1),IF(BT52=$AR$48+27,IF(BT52="",0,1),"")))) -> 1 | BU53: =IF(BU52=$AR$48+30,IF(BU52="",0,1),IF(BU52=$AR$48+29,IF(BU52="",0,1),IF(BU52=$AR$48+28,IF(BU52="",0,1),IF(BU52=$AR$48+27,IF(BU52="",0,1),"")))) -> 1 | BV53: =IF(BV52=$AR$48+30,IF(BV52="",0,1),IF(BV52=$AR$48+29,IF(BV52="",0,1),IF(BV52=$AR$48+28,IF(BV52="",0,1),IF(BV52=$AR$48+27,IF(BV52="",0,1),"")))) | ... BX53: =IF(BX52=$AR$48+30,IF(BX52="",0,1),IF(BX52=$AR$48+29,IF(BX52="",0,1),IF(BX52=$AR$48+28,IF(BX52="",0,1),IF(BX52=$AR$48+27,IF(BX52="",0,1),""))))
B54: NOCHE 2 | C54: =IF(D46=1,IF(C47>C48,C48,0),0) -> 0 | D54: =IF(E46=1,IF(D47>D48,D48,0),0) -> 0 | E54: =IF(F46=1,IF(E47>E48,E48,0),0) -> 0 | F54: =IF(G46=1,IF(F47>F48,F48,0),0) -> 0 | G54: =IF(H46=1,IF(G47>G48,G48,0),0) -> 0 | H54: =IF(I46=1,IF(H47>H48,H48,0),0) -> 0 | I54: =IF(J46=1,IF(I47>I48,I48,0),0) -> 0 | J54: =IF(K46=1,IF(J47>J48,J48,0),0) -> 0 | ... AG54: =IF(AH46=1,IF(AG47>AG48,AG48,0),0) -> 0 | AH54: X | BO54: =IF(BO53=1,IF(BO53="",0,BO52),"") | BP54: =IF(BP53=1,IF(BP53="",0,BP52),"") | BQ54: =IF(BQ53=1,IF(BQ53="",0,BQ52),"") | BR54: =IF(BR53=1,IF(BR53="",0,BR52),"") -> 46050 | BS54: =IF(BS53=1,IF(BS53="",0,BS52),"") -> 46051 | BT54: =IF(BT53=1,IF(BT53="",0,BT52),"") -> 46052 | BU54: =IF(BU53=1,IF(BU53="",0,BU52),"") -> 46053 | BV54: =IF(BV53=1,IF(BV53="",0,BV52),"") | ... BX54: =IF(BX53=1,IF(BX53="",0,BX52),"") | BZ54: DIAS
B55: SUMA FESTIVOS | C55: =SUM(C52:C54) -> 0 | D55: =SUM(D52:D54) -> 0 | E55: =SUM(E52:E54) -> 0 | F55: =SUM(F52:F54) -> 0 | G55: =SUM(G52:G54) -> 0 | H55: =SUM(H52:H54) -> 0 | I55: =SUM(I52:I54) -> 0 | J55: =SUM(J52:J54) -> 0 | ... AG55: =SUM(AG52:AG54) -> 0 | AH55: X | BO55: =IF(BO54=$AZ48,IF(BO54="",0,$AZ48),"") | BP55: =IF(BP54=$AZ48,IF(BP54="",0,$AZ48),"") | BQ55: =IF(BQ54=$AZ48,IF(BQ54="",0,$AZ48),"") | BR55: =IF(BR54=$AZ48,IF(BR54="",0,$AZ48),"") | BS55: =IF(BS54=$AZ48,IF(BS54="",0,$AZ48),"") | BT55: =IF(BT54=$AZ48,IF(BT54="",0,$AZ48),"") | BU55: =IF(BU54=$AZ48,IF(BU54="",0,$AZ48),"") -> 46053 | BV55: =IF(BV54=$AZ48,IF(BV54="",0,$AZ48),"") | ... BX55: =IF(BX54=$AZ48,IF(BX54="",0,$AZ48),"") | BY55: =SUM(BO55:BX55) -> 46053 | BZ55: =IF(BY55=$AZ$48,IF(BY55="",0,31),IF(BY55=$AZ$47,IF(BY55="",0,30),IF(BY55=$AX$48,IF(BY55="",0,29),IF(BY55=$AX$47,IF(BY55="",0,28))))) -> 31 | CA55: 31
B56: SUMA VACACIONES | C56: =IF(C9="V",IF(C9="",0,1),0) -> 0 | D56: =IF(D9="V",IF(D9="",0,1),0) -> 0 | E56: =IF(E9="V",IF(E9="",0,1),0) -> 0 | F56: =IF(F9="V",IF(F9="",0,1),0) -> 0 | G56: =IF(G9="V",IF(G9="",0,1),0) -> 0 | H56: =IF(H9="V",IF(H9="",0,1),0) -> 0 | I56: =IF(I9="V",IF(I9="",0,1),0) -> 0 | J56: =IF(J9="V",IF(J9="",0,1),0) -> 0 | ... AG56: =IF(AG9="V",IF(AG9="",0,1),0) -> 0 | AH56: X | BO56: =IF(BO54=$AZ47,IF(BO54="",0,$AZ47),"") | BP56: =IF(BP54=$AZ47,IF(BP54="",0,$AZ47),"") | BQ56: =IF(BQ54=$AZ47,IF(BQ54="",0,$AZ47),"") | BR56: =IF(BR54=$AZ47,IF(BR54="",0,$AZ47),"") | BS56: =IF(BS54=$AZ47,IF(BS54="",0,$AZ47),"") | BT56: =IF(BT54=$AZ47,IF(BT54="",0,$AZ47),"") -> 46052 | BU56: =IF(BU54=$AZ47,IF(BU54="",0,$AZ47),"") | BV56: =IF(BV54=$AZ47,IF(BV54="",0,$AZ47),"") | ... BX56: =IF(BX54=$AZ47,IF(BX54="",0,$AZ47),"") | BY56: =SUM(BO56:BX56) -> 46052 | BZ56: =IF(BY56=$AZ$48,IF(BY56="",0,31),IF(BY56=$AZ$47,IF(BY56="",0,30),IF(BY56=$AX$48,IF(BY56="",0,29),IF(BY56=$AX$47,IF(BY56="",0,28))))) -> 30 | CA56: 30
B57: PR | C57: =IF(C9="PR",IF(C9="",0,1),0) -> 0 | D57: =IF(D9="PR",IF(D9="",0,1),0) -> 0 | E57: =IF(E9="PR",IF(E9="",0,1),0) -> 0 | F57: =IF(F9="PR",IF(F9="",0,1),0) -> 0 | G57: =IF(G9="PR",IF(G9="",0,1),0) -> 0 | H57: =IF(H9="PR",IF(H9="",0,1),0) -> 0 | I57: =IF(I9="PR",IF(I9="",0,1),0) -> 0 | J57: =IF(J9="PR",IF(J9="",0,1),0) -> 0 | ... AG57: =IF(AG9="PR",IF(AG9="",0,1),0) -> 0 | AH57: =SUM(C57:AG57) -> 0 | AJ57: pr | BO57: =IF(BO54=$AX48,IF(BO54="",0,$AX48),"") | BP57: =IF(BP54=$AX48,IF(BP54="",0,$AX48),"") | BQ57: =IF(BQ54=$AX48,IF(BQ54="",0,$AX48),"") | BR57: =IF(BR54=$AX48,IF(BR54="",0,$AX48),"") | BS57: =IF(BS54=$AX48,IF(BS54="",0,$AX48),"") -> 46051 | BT57: =IF(BT54=$AX48,IF(BT54="",0,$AX48),"") | BU57: =IF(BU54=$AX48,IF(BU54="",0,$AX48),"") | BV57: =IF(BV54=$AX48,IF(BV54="",0,$AX48),"") | ... BX57: =IF(BX54=$AX48,IF(BX54="",0,$AX48),"") | BY57: =SUM(BO57:BX57) -> 46051 | BZ57: =IF(BY57=$AZ$48,IF(BY57="",0,31),IF(BY57=$AZ$47,IF(BY57="",0,30),IF(BY57=$AX$48,IF(BY57="",0,29),IF(BY57=$AX$47,IF(BY57="",0,28))))) -> 29 | CA57: 29
A58: VS2 | B58: ENTRADA | C58: =IF(C10=$R32,$S32*24,IF(C10=$R33,$S33*24,IF(C10=$R34,$S34*24,IF(C10=$R35,$S35*24,IF(C10=$R36,$S36*24,IF(C10=$R37,$S37*24,IF(C10=$R38,$S38*24,IF(C10=$R39,$S39*24,IF(C10=$R40,$S40*24,""))))))))) -> 19 | D58: =IF(D10=$R32,$S32*24,IF(D10=$R33,$S33*24,IF(D10=$R34,$S34*24,IF(D10=$R35,$S35*24,IF(D10=$R36,$S36*24,IF(D10=$R37,$S37*24,IF(D10=$R38,$S38*24,IF(D10=$R39,$S39*24,IF(D10=$R40,$S40*24,""))))))))) -> 19 | E58: =IF(E10=$R32,$S32*24,IF(E10=$R33,$S33*24,IF(E10=$R34,$S34*24,IF(E10=$R35,$S35*24,IF(E10=$R36,$S36*24,IF(E10=$R37,$S37*24,IF(E10=$R38,$S38*24,IF(E10=$R39,$S39*24,IF(E10=$R40,$S40*24,""))))))))) -> 19 | F58: =IF(F10=$R32,$S32*24,IF(F10=$R33,$S33*24,IF(F10=$R34,$S34*24,IF(F10=$R35,$S35*24,IF(F10=$R36,$S36*24,IF(F10=$R37,$S37*24,IF(F10=$R38,$S38*24,IF(F10=$R39,$S39*24,IF(F10=$R40,$S40*24,""))))))))) -> 19 | G58: =IF(G10=$R32,$S32*24,IF(G10=$R33,$S33*24,IF(G10=$R34,$S34*24,IF(G10=$R35,$S35*24,IF(G10=$R36,$S36*24,IF(G10=$R37,$S37*24,IF(G10=$R38,$S38*24,IF(G10=$R39,$S39*24,IF(G10=$R40,$S40*24,""))))))))) | H58: =IF(H10=$R32,$S32*24,IF(H10=$R33,$S33*24,IF(H10=$R34,$S34*24,IF(H10=$R35,$S35*24,IF(H10=$R36,$S36*24,IF(H10=$R37,$S37*24,IF(H10=$R38,$S38*24,IF(H10=$R39,$S39*24,IF(H10=$R40,$S40*24,""))))))))) | I58: =IF(I10=$R32,$S32*24,IF(I10=$R33,$S33*24,IF(I10=$R34,$S34*24,IF(I10=$R35,$S35*24,IF(I10=$R36,$S36*24,IF(I10=$R37,$S37*24,IF(I10=$R38,$S38*24,IF(I10=$R39,$S39*24,IF(I10=$R40,$S40*24,""))))))))) -> 19 | J58: =IF(J10=$R32,$S32*24,IF(J10=$R33,$S33*24,IF(J10=$R34,$S34*24,IF(J10=$R35,$S35*24,IF(J10=$R36,$S36*24,IF(J10=$R37,$S37*24,IF(J10=$R38,$S38*24,IF(J10=$R39,$S39*24,IF(J10=$R40,$S40*24,""))))))))) -> 19 | ... AG58: =IF(AG10=$R32,$S32*24,IF(AG10=$R33,$S33*24,IF(AG10=$R34,$S34*24,IF(AG10=$R35,$S35*24,IF(AG10=$R36,$S36*24,IF(AG10=$R37,$S37*24,IF(AG10=$R38,$S38*24,IF(AG10=$R39,$S39*24,IF(AG10=$R40,$S40*24,""))))))))) -> 19 | AH58: X | BO58: =IF(BO54=$AX47,IF(BO54="",0,$AX47),"") | BP58: =IF(BP54=$AX47,IF(BP54="",0,$AX47),"") | BQ58: =IF(BQ54=$AX47,IF(BQ54="",0,$AX47),"") | BR58: =IF(BR54=$AX47,IF(BR54="",0,$AX47),"") -> 46050 | BS58: =IF(BS54=$AX47,IF(BS54="",0,$AX47),"") | BT58: =IF(BT54=$AX47,IF(BT54="",0,$AX47),"") | BU58: =IF(BU54=$AX47,IF(BU54="",0,$AX47),"") | BV58: =IF(BV54=$AX47,IF(BV54="",0,$AX47),"") | ... BX58: =IF(BX54=$AX47,IF(BX54="",0,$AX47),"") | BY58: =SUM(BO58:BX58) -> 46050 | BZ58: =IF(BY58=$AZ$48,IF(BY58="",0,31),IF(BY58=$AZ$47,IF(BY58="",0,30),IF(BY58=$AX$48,IF(BY58="",0,29),IF(BY58=$AX$47,IF(BY58="",0,28))))) -> 28 | CA58: 28
A59: C10 | B59: SALIDA | C59: =IF(C10=$R32,$V32*24,IF(C10=$R33,$V33*24,IF(C10=$R34,$V34*24,IF(C10=$R35,$V35*24,IF(C10=$R36,$V36*24,IF(C10=$R37,$V37*24,IF(C10=$R38,$V38*24,IF(C10=$R39,$V39*24,IF(C10=$R40,$V40*24,""))))))))) -> 7 | D59: =IF(D10=$R32,$V32*24,IF(D10=$R33,$V33*24,IF(D10=$R34,$V34*24,IF(D10=$R35,$V35*24,IF(D10=$R36,$V36*24,IF(D10=$R37,$V37*24,IF(D10=$R38,$V38*24,IF(D10=$R39,$V39*24,IF(D10=$R40,$V40*24,""))))))))) -> 7 | E59: =IF(E10=$R32,$V32*24,IF(E10=$R33,$V33*24,IF(E10=$R34,$V34*24,IF(E10=$R35,$V35*24,IF(E10=$R36,$V36*24,IF(E10=$R37,$V37*24,IF(E10=$R38,$V38*24,IF(E10=$R39,$V39*24,IF(E10=$R40,$V40*24,""))))))))) -> 7 | F59: =IF(F10=$R32,$V32*24,IF(F10=$R33,$V33*24,IF(F10=$R34,$V34*24,IF(F10=$R35,$V35*24,IF(F10=$R36,$V36*24,IF(F10=$R37,$V37*24,IF(F10=$R38,$V38*24,IF(F10=$R39,$V39*24,IF(F10=$R40,$V40*24,""))))))))) -> 7 | G59: =IF(G10=$R32,$V32*24,IF(G10=$R33,$V33*24,IF(G10=$R34,$V34*24,IF(G10=$R35,$V35*24,IF(G10=$R36,$V36*24,IF(G10=$R37,$V37*24,IF(G10=$R38,$V38*24,IF(G10=$R39,$V39*24,IF(G10=$R40,$V40*24,""))))))))) | H59: =IF(H10=$R32,$V32*24,IF(H10=$R33,$V33*24,IF(H10=$R34,$V34*24,IF(H10=$R35,$V35*24,IF(H10=$R36,$V36*24,IF(H10=$R37,$V37*24,IF(H10=$R38,$V38*24,IF(H10=$R39,$V39*24,IF(H10=$R40,$V40*24,""))))))))) | I59: =IF(I10=$R32,$V32*24,IF(I10=$R33,$V33*24,IF(I10=$R34,$V34*24,IF(I10=$R35,$V35*24,IF(I10=$R36,$V36*24,IF(I10=$R37,$V37*24,IF(I10=$R38,$V38*24,IF(I10=$R39,$V39*24,IF(I10=$R40,$V40*24,""))))))))) -> 7 | J59: =IF(J10=$R32,$V32*24,IF(J10=$R33,$V33*24,IF(J10=$R34,$V34*24,IF(J10=$R35,$V35*24,IF(J10=$R36,$V36*24,IF(J10=$R37,$V37*24,IF(J10=$R38,$V38*24,IF(J10=$R39,$V39*24,IF(J10=$R40,$V40*24,""))))))))) -> 7 | ... AG59: =IF(AG10=$R32,$V32*24,IF(AG10=$R33,$V33*24,IF(AG10=$R34,$V34*24,IF(AG10=$R35,$V35*24,IF(AG10=$R36,$V36*24,IF(AG10=$R37,$V37*24,IF(AG10=$R38,$V38*24,IF(AG10=$R39,$V39*24,IF(AG10=$R40,$V40*24,""))))))))) -> 7 | AH59: X | BY59: t | BZ59: =SUM(BZ55:BZ58) -> 118 | CA59: =IF(BZ59=118,31,IF(BZ59=90,31,IF(BZ59=61,31,IF(BZ59=31,31,IF(BZ59=87,30,IF(BZ59=59,30,IF(BZ59=30,30,IF(BZ59=57,29,IF(BZ59=29,29,IF(BZ59=28,28,"")))))))))) -> 31
B60: NOCTURNIDAD | C60: =IF(C10=$R32,$BD32*24,IF(C10=$R33,$BD33*24,IF(C10=$R34,$BD34*24,IF(C10=$R35,$BD35*24,IF(C10=$R36,$BD36*24,IF(C10=$R37,$BD37*24,IF(C10=$R38,$BD38*24,IF(C10=$R39,$BD39*24,IF(C10=$R40,$BD40*24,""))))))))) -> 8 | D60: =IF(D10=$R32,$BD32*24,IF(D10=$R33,$BD33*24,IF(D10=$R34,$BD34*24,IF(D10=$R35,$BD35*24,IF(D10=$R36,$BD36*24,IF(D10=$R37,$BD37*24,IF(D10=$R38,$BD38*24,IF(D10=$R39,$BD39*24,IF(D10=$R40,$BD40*24,""))))))))) -> 8 | E60: =IF(E10=$R32,$BD32*24,IF(E10=$R33,$BD33*24,IF(E10=$R34,$BD34*24,IF(E10=$R35,$BD35*24,IF(E10=$R36,$BD36*24,IF(E10=$R37,$BD37*24,IF(E10=$R38,$BD38*24,IF(E10=$R39,$BD39*24,IF(E10=$R40,$BD40*24,""))))))))) -> 8 | F60: =IF(F10=$R32,$BD32*24,IF(F10=$R33,$BD33*24,IF(F10=$R34,$BD34*24,IF(F10=$R35,$BD35*24,IF(F10=$R36,$BD36*24,IF(F10=$R37,$BD37*24,IF(F10=$R38,$BD38*24,IF(F10=$R39,$BD39*24,IF(F10=$R40,$BD40*24,""))))))))) -> 8 | G60: =IF(G10=$R32,$BD32*24,IF(G10=$R33,$BD33*24,IF(G10=$R34,$BD34*24,IF(G10=$R35,$BD35*24,IF(G10=$R36,$BD36*24,IF(G10=$R37,$BD37*24,IF(G10=$R38,$BD38*24,IF(G10=$R39,$BD39*24,IF(G10=$R40,$BD40*24,""))))))))) | H60: =IF(H10=$R32,$BD32*24,IF(H10=$R33,$BD33*24,IF(H10=$R34,$BD34*24,IF(H10=$R35,$BD35*24,IF(H10=$R36,$BD36*24,IF(H10=$R37,$BD37*24,IF(H10=$R38,$BD38*24,IF(H10=$R39,$BD39*24,IF(H10=$R40,$BD40*24,""))))))))) | I60: =IF(I10=$R32,$BD32*24,IF(I10=$R33,$BD33*24,IF(I10=$R34,$BD34*24,IF(I10=$R35,$BD35*24,IF(I10=$R36,$BD36*24,IF(I10=$R37,$BD37*24,IF(I10=$R38,$BD38*24,IF(I10=$R39,$BD39*24,IF(I10=$R40,$BD40*24,""))))))))) -> 8 | J60: =IF(J10=$R32,$BD32*24,IF(J10=$R33,$BD33*24,IF(J10=$R34,$BD34*24,IF(J10=$R35,$BD35*24,IF(J10=$R36,$BD36*24,IF(J10=$R37,$BD37*24,IF(J10=$R38,$BD38*24,IF(J10=$R39,$BD39*24,IF(J10=$R40,$BD40*24,""))))))))) -> 8 | ... AG60: =IF(AG10=$R32,$BD32*24,IF(AG10=$R33,$BD33*24,IF(AG10=$R34,$BD34*24,IF(AG10=$R35,$BD35*24,IF(AG10=$R36,$BD36*24,IF(AG10=$R37,$BD37*24,IF(AG10=$R38,$BD38*24,IF(AG10=$R39,$BD39*24,IF(AG10=$R40,$BD40*24,""))))))))) -> 8 | AH60: =SUM(C60:AG60) -> 136 | CA60: =CA59 -> 31
B61: VACACIONES | C61: =IF(C10="V",$C36,IF(C10="PR",$C38,0)) -> 0 | D61: =IF(D10="V",$C36,IF(D10="PR",$C38,0)) -> 0 | E61: =IF(E10="V",$C36,IF(E10="PR",$C38,0)) -> 0 | F61: =IF(F10="V",$C36,IF(F10="PR",$C38,0)) -> 0 | G61: =IF(G10="V",$C36,IF(G10="PR",$C38,0)) -> 0 | H61: =IF(H10="V",$C36,IF(H10="PR",$C38,0)) -> 0 | I61: =IF(I10="V",$C36,IF(I10="PR",$C38,0)) -> 0 | J61: =IF(J10="V",$C36,IF(J10="PR",$C38,0)) -> 0 | ... AG61: =IF(AG10="V",$C36,IF(AG10="PR",$C38,0)) -> 0 | AH61: =SUM(C61:AG61) -> 0 | AJ61: X | BU61: =BS50 -> ju | BV61: =BT50 -> vi | BW61: =BU50 -> sa | BX61: =BV50 -> do | BY61: =BW50 -> lu
A62: HORAS | B62: SUMA HORAS | C62: =IF(C10=$R32,$BC32,IF(C10=$R33,$BC33,IF(C10=$R34,$BC34,IF(C10=$R35,$BC35,IF(C10=$R36,$BC36,IF(C10=$R37,$BC37,IF(C10=$R38,$BC38,IF(C10=$R39,$BC39,IF(C10=$R40,$BC40,0))))))))) -> 12 | D62: =IF(D10=$R32,$BC32,IF(D10=$R33,$BC33,IF(D10=$R34,$BC34,IF(D10=$R35,$BC35,IF(D10=$R36,$BC36,IF(D10=$R37,$BC37,IF(D10=$R38,$BC38,IF(D10=$R39,$BC39,IF(D10=$R40,$BC40,0))))))))) -> 12 | E62: =IF(E10=$R32,$BC32,IF(E10=$R33,$BC33,IF(E10=$R34,$BC34,IF(E10=$R35,$BC35,IF(E10=$R36,$BC36,IF(E10=$R37,$BC37,IF(E10=$R38,$BC38,IF(E10=$R39,$BC39,IF(E10=$R40,$BC40,0))))))))) -> 12 | F62: =IF(F10=$R32,$BC32,IF(F10=$R33,$BC33,IF(F10=$R34,$BC34,IF(F10=$R35,$BC35,IF(F10=$R36,$BC36,IF(F10=$R37,$BC37,IF(F10=$R38,$BC38,IF(F10=$R39,$BC39,IF(F10=$R40,$BC40,0))))))))) -> 12 | G62: =IF(G10=$R32,$BC32,IF(G10=$R33,$BC33,IF(G10=$R34,$BC34,IF(G10=$R35,$BC35,IF(G10=$R36,$BC36,IF(G10=$R37,$BC37,IF(G10=$R38,$BC38,IF(G10=$R39,$BC39,IF(G10=$R40,$BC40,0))))))))) -> 0 | H62: =IF(H10=$R32,$BC32,IF(H10=$R33,$BC33,IF(H10=$R34,$BC34,IF(H10=$R35,$BC35,IF(H10=$R36,$BC36,IF(H10=$R37,$BC37,IF(H10=$R38,$BC38,IF(H10=$R39,$BC39,IF(H10=$R40,$BC40,0))))))))) -> 0 | I62: =IF(I10=$R32,$BC32,IF(I10=$R33,$BC33,IF(I10=$R34,$BC34,IF(I10=$R35,$BC35,IF(I10=$R36,$BC36,IF(I10=$R37,$BC37,IF(I10=$R38,$BC38,IF(I10=$R39,$BC39,IF(I10=$R40,$BC40,0))))))))) -> 12 | J62: =IF(J10=$R32,$BC32,IF(J10=$R33,$BC33,IF(J10=$R34,$BC34,IF(J10=$R35,$BC35,IF(J10=$R36,$BC36,IF(J10=$R37,$BC37,IF(J10=$R38,$BC38,IF(J10=$R39,$BC39,IF(J10=$R40,$BC40,0))))))))) -> 12 | ... AG62: =IF(AG10=$R32,$BC32,IF(AG10=$R33,$BC33,IF(AG10=$R34,$BC34,IF(AG10=$R35,$BC35,IF(AG10=$R36,$BC36,IF(AG10=$R37,$BC37,IF(AG10=$R38,$BC38,IF(AG10=$R39,$BC39,IF(AG10=$R40,$BC40,0))))))))) -> 12 | AH62: =SUM(C62:AG62) -> 204 | AJ62: h | AK62: X | BU62: 28 | BV62: 29 | BW62: 30 | BX62: 31 | BY62: 1
A63: FESTIVOS | B63: DIA | C63: =IF(C46=1,IF(C58<C59,C62,0)) -> FALSE | D63: =IF(D46=1,IF(D58<D59,D62,0)) -> FALSE | E63: =IF(E46=1,IF(E58<E59,E62,0)) -> 0 | F63: =IF(F46=1,IF(F58<F59,F62,0)) -> 0 | G63: =IF(G46=1,IF(G58<G59,G62,0)) -> FALSE | H63: =IF(H46=1,IF(H58<H59,H62,0)) -> FALSE | I63: =IF(I46=1,IF(I58<I59,I62,0)) -> FALSE | J63: =IF(J46=1,IF(J58<J59,J62,0)) -> FALSE | ... AG63: =IF(AG46=1,IF(AG58<AG59,AG62,0)) -> 0 | AH63: X | BV63: =IF(CA59=28,IF(CA59="",0,1),IF(CA59=1,IF(CA59="",0,1),"")) | BW63: =IF(CA59=29,IF(CA59="",0,1),IF(CA59=1,IF(CA59="",0,1),"")) | BX63: =IF(CA59=30,IF(CA59="",0,1),IF(CA59=1,IF(CA59="",0,1),"")) | BY63: =IF(CA59=31,IF(CA59="",0,1),IF(CA59=1,IF(CA59="",0,1),"")) -> 1
B64: NOCHE 1 | C64: =IF(C46=1,IF(C58>C59,24-C58,0),0) -> 0 | D64: =IF(D46=1,IF(D58>D59,24-D58,0),0) -> 0 | E64: =IF(E46=1,IF(E58>E59,24-E58,0),0) -> 5 | F64: =IF(F46=1,IF(F58>F59,24-F58,0),0) -> 5 | G64: =IF(G46=1,IF(G58>G59,24-G58,0),0) -> 0 | H64: =IF(H46=1,IF(H58>H59,24-H58,0),0) -> 0 | I64: =IF(I46=1,IF(I58>I59,24-I58,0),0) -> 0 | J64: =IF(J46=1,IF(J58>J59,24-J58,0),0) -> 0 | ... AG64: =IF(AG46=1,IF(AG58>AG59,24-AG58,0),0) -> 5 | AH64: X | BU64: SA/DO | BV64: =IF(BV61="sa",IF(BV61="",0,"1"),IF(BV61="do",IF(BV61="",0,"1"))) -> FALSE | BW64: =IF(BW61="sa",IF(BW61="",0,"1"),IF(BW61="do",IF(BW61="",0,"1"))) -> 1 | BX64: =IF(BX61="sa",IF(BX61="",0,"1"),IF(BX61="do",IF(BX61="",0,"1"))) -> 1 | BY64: =IF(BY61="sa",IF(BY61="",0,"1"),IF(BY61="do",IF(BY61="",0,"1"))) -> FALSE
B65: NOCHE 2 | C65: =IF(D46=1,IF(C58>C59,C59,0),0) -> 0 | D65: =IF(E46=1,IF(D58>D59,D59,0),0) -> 7 | E65: =IF(F46=1,IF(E58>E59,E59,0),0) -> 7 | F65: =IF(G46=1,IF(F58>F59,F59,0),0) -> 0 | G65: =IF(H46=1,IF(G58>G59,G59,0),0) -> 0 | H65: =IF(I46=1,IF(H58>H59,H59,0),0) -> 0 | I65: =IF(J46=1,IF(I58>I59,I59,0),0) -> 0 | J65: =IF(K46=1,IF(J58>J59,J59,0),0) -> 0 | ... AG65: =IF(AH46=1,IF(AG58>AG59,AG59,0),0) -> 0 | AH65: X
B66: SUMA FESTIVOS | C66: =SUM(C63:C65) -> 0 | D66: =SUM(D63:D65) -> 7 | E66: =SUM(E63:E65) -> 12 | F66: =SUM(F63:F65) -> 5 | G66: =SUM(G63:G65) -> 0 | H66: =SUM(H63:H65) -> 0 | I66: =SUM(I63:I65) -> 0 | J66: =SUM(J63:J65) -> 0 | ... AG66: =SUM(AG63:AG65) -> 5 | AH66: X | BV66: =IF(BV65=2,IF(BV65="",0,"X"),IF(BV65=2,IF(BV65="",0,2),"")) | BW66: =IF(BW65=2,IF(BW65="",0,"X"),IF(BW65=2,IF(BW65="",0,2),"")) | BX66: =IF(BX65=2,IF(BX65="",0,"X"),IF(BX65=2,IF(BX65="",0,2),"")) | BY66: =IF(BY65=2,IF(BY65="",0,"X"),IF(BY65=2,IF(BY65="",0,2),""))
B67: SUMA VACACIONES | C67: =IF(C10="V",IF(C10="",0,1),0) -> 0 | D67: =IF(D10="V",IF(D10="",0,1),0) -> 0 | E67: =IF(E10="V",IF(E10="",0,1),0) -> 0 | F67: =IF(F10="V",IF(F10="",0,1),0) -> 0 | G67: =IF(G10="V",IF(G10="",0,1),0) -> 0 | H67: =IF(H10="V",IF(H10="",0,1),0) -> 0 | I67: =IF(I10="V",IF(I10="",0,1),0) -> 0 | J67: =IF(J10="V",IF(J10="",0,1),0) -> 0 | ... AG67: =IF(AG10="V",IF(AG10="",0,1),0) -> 0 | AH67: X | BV67: =IF(BV66=2,IF(BV66="",0,"X"),IF(BV66=2,IF(BV66="",0,2),"")) | BW67: =IF(BW66=2,IF(BW66="",0,"X"),IF(BW66=2,IF(BW66="",0,2),"")) | BX67: =IF(BX66=2,IF(BX66="",0,"X"),IF(BX66=2,IF(BX66="",0,2),"")) | BY67: =IF(BY66=2,IF(BY66="",0,"X"),IF(BY66=2,IF(BY66="",0,2),""))
B68: PR | C68: =IF(C10="PR",IF(C10="",0,1),0) -> 0 | D68: =IF(D10="PR",IF(D10="",0,1),0) -> 0 | E68: =IF(E10="PR",IF(E10="",0,1),0) -> 0 | F68: =IF(F10="PR",IF(F10="",0,1),0) -> 0 | G68: =IF(G10="PR",IF(G10="",0,1),0) -> 0 | H68: =IF(H10="PR",IF(H10="",0,1),0) -> 0 | I68: =IF(I10="PR",IF(I10="",0,1),0) -> 0 | J68: =IF(J10="PR",IF(J10="",0,1),0) -> 0 | ... AG68: =IF(AG10="PR",IF(AG10="",0,1),0) -> 0 | AH68: =SUM(C68:AG68) -> 0 | AJ68: pr
A69: VS3 | B69: ENTRADA | C69: =IF(C11=$R32,$S32*24,IF(C11=$R33,$S33*24,IF(C11=$R34,$S34*24,IF(C11=$R35,$S35*24,IF(C11=$R36,$S36*24,IF(C11=$R37,$S37*24,IF(C11=$R38,$S38*24,IF(C11=$R39,$S39*24,IF(C11=$R40,$S40*24,""))))))))) -> 18 | D69: =IF(D11=$R32,$S32*24,IF(D11=$R33,$S33*24,IF(D11=$R34,$S34*24,IF(D11=$R35,$S35*24,IF(D11=$R36,$S36*24,IF(D11=$R37,$S37*24,IF(D11=$R38,$S38*24,IF(D11=$R39,$S39*24,IF(D11=$R40,$S40*24,""))))))))) | E69: =IF(E11=$R32,$S32*24,IF(E11=$R33,$S33*24,IF(E11=$R34,$S34*24,IF(E11=$R35,$S35*24,IF(E11=$R36,$S36*24,IF(E11=$R37,$S37*24,IF(E11=$R38,$S38*24,IF(E11=$R39,$S39*24,IF(E11=$R40,$S40*24,""))))))))) | F69: =IF(F11=$R32,$S32*24,IF(F11=$R33,$S33*24,IF(F11=$R34,$S34*24,IF(F11=$R35,$S35*24,IF(F11=$R36,$S36*24,IF(F11=$R37,$S37*24,IF(F11=$R38,$S38*24,IF(F11=$R39,$S39*24,IF(F11=$R40,$S40*24,""))))))))) | G69: =IF(G11=$R32,$S32*24,IF(G11=$R33,$S33*24,IF(G11=$R34,$S34*24,IF(G11=$R35,$S35*24,IF(G11=$R36,$S36*24,IF(G11=$R37,$S37*24,IF(G11=$R38,$S38*24,IF(G11=$R39,$S39*24,IF(G11=$R40,$S40*24,""))))))))) | H69: =IF(H11=$R32,$S32*24,IF(H11=$R33,$S33*24,IF(H11=$R34,$S34*24,IF(H11=$R35,$S35*24,IF(H11=$R36,$S36*24,IF(H11=$R37,$S37*24,IF(H11=$R38,$S38*24,IF(H11=$R39,$S39*24,IF(H11=$R40,$S40*24,""))))))))) | I69: =IF(I11=$R32,$S32*24,IF(I11=$R33,$S33*24,IF(I11=$R34,$S34*24,IF(I11=$R35,$S35*24,IF(I11=$R36,$S36*24,IF(I11=$R37,$S37*24,IF(I11=$R38,$S38*24,IF(I11=$R39,$S39*24,IF(I11=$R40,$S40*24,""))))))))) -> 7 | J69: =IF(J11=$R32,$S32*24,IF(J11=$R33,$S33*24,IF(J11=$R34,$S34*24,IF(J11=$R35,$S35*24,IF(J11=$R36,$S36*24,IF(J11=$R37,$S37*24,IF(J11=$R38,$S38*24,IF(J11=$R39,$S39*24,IF(J11=$R40,$S40*24,""))))))))) -> 7 | ... AG69: =IF(AG11=$R32,$S32*24,IF(AG11=$R33,$S33*24,IF(AG11=$R34,$S34*24,IF(AG11=$R35,$S35*24,IF(AG11=$R36,$S36*24,IF(AG11=$R37,$S37*24,IF(AG11=$R38,$S38*24,IF(AG11=$R39,$S39*24,IF(AG11=$R40,$S40*24,""))))))))) -> 7 | AH69: X
A70: C11 | B70: SALIDA | C70: =IF(C11=$R32,$V32*24,IF(C11=$R33,$V33*24,IF(C11=$R34,$V34*24,IF(C11=$R35,$V35*24,IF(C11=$R36,$V36*24,IF(C11=$R37,$V37*24,IF(C11=$R38,$V38*24,IF(C11=$R39,$V39*24,IF(C11=$R40,$V40*24,""))))))))) -> 6 | D70: =IF(D11=$R32,$V32*24,IF(D11=$R33,$V33*24,IF(D11=$R34,$V34*24,IF(D11=$R35,$V35*24,IF(D11=$R36,$V36*24,IF(D11=$R37,$V37*24,IF(D11=$R38,$V38*24,IF(D11=$R39,$V39*24,IF(D11=$R40,$V40*24,""))))))))) | E70: =IF(E11=$R32,$V32*24,IF(E11=$R33,$V33*24,IF(E11=$R34,$V34*24,IF(E11=$R35,$V35*24,IF(E11=$R36,$V36*24,IF(E11=$R37,$V37*24,IF(E11=$R38,$V38*24,IF(E11=$R39,$V39*24,IF(E11=$R40,$V40*24,""))))))))) | F70: =IF(F11=$R32,$V32*24,IF(F11=$R33,$V33*24,IF(F11=$R34,$V34*24,IF(F11=$R35,$V35*24,IF(F11=$R36,$V36*24,IF(F11=$R37,$V37*24,IF(F11=$R38,$V38*24,IF(F11=$R39,$V39*24,IF(F11=$R40,$V40*24,""))))))))) | G70: =IF(G11=$R32,$V32*24,IF(G11=$R33,$V33*24,IF(G11=$R34,$V34*24,IF(G11=$R35,$V35*24,IF(G11=$R36,$V36*24,IF(G11=$R37,$V37*24,IF(G11=$R38,$V38*24,IF(G11=$R39,$V39*24,IF(G11=$R40,$V40*24,""))))))))) | H70: =IF(H11=$R32,$V32*24,IF(H11=$R33,$V33*24,IF(H11=$R34,$V34*24,IF(H11=$R35,$V35*24,IF(H11=$R36,$V36*24,IF(H11=$R37,$V37*24,IF(H11=$R38,$V38*24,IF(H11=$R39,$V39*24,IF(H11=$R40,$V40*24,""))))))))) | I70: =IF(I11=$R32,$V32*24,IF(I11=$R33,$V33*24,IF(I11=$R34,$V34*24,IF(I11=$R35,$V35*24,IF(I11=$R36,$V36*24,IF(I11=$R37,$V37*24,IF(I11=$R38,$V38*24,IF(I11=$R39,$V39*24,IF(I11=$R40,$V40*24,""))))))))) -> 19 | J70: =IF(J11=$R32,$V32*24,IF(J11=$R33,$V33*24,IF(J11=$R34,$V34*24,IF(J11=$R35,$V35*24,IF(J11=$R36,$V36*24,IF(J11=$R37,$V37*24,IF(J11=$R38,$V38*24,IF(J11=$R39,$V39*24,IF(J11=$R40,$V40*24,""))))))))) -> 19 | ... AG70: =IF(AG11=$R32,$V32*24,IF(AG11=$R33,$V33*24,IF(AG11=$R34,$V34*24,IF(AG11=$R35,$V35*24,IF(AG11=$R36,$V36*24,IF(AG11=$R37,$V37*24,IF(AG11=$R38,$V38*24,IF(AG11=$R39,$V39*24,IF(AG11=$R40,$V40*24,""))))))))) -> 19 | AH70: X
B71: NOCTURNIDAD | C71: =IF(C11=$R32,$BD32*24,IF(C11=$R33,$BD33*24,IF(C11=$R34,$BD34*24,IF(C11=$R35,$BD35*24,IF(C11=$R36,$BD36*24,IF(C11=$R37,$BD37*24,IF(C11=$R38,$BD38*24,IF(C11=$R39,$BD39*24,IF(C11=$R40,$BD40*24,""))))))))) -> 8 | D71: =IF(D11=$R32,$BD32*24,IF(D11=$R33,$BD33*24,IF(D11=$R34,$BD34*24,IF(D11=$R35,$BD35*24,IF(D11=$R36,$BD36*24,IF(D11=$R37,$BD37*24,IF(D11=$R38,$BD38*24,IF(D11=$R39,$BD39*24,IF(D11=$R40,$BD40*24,""))))))))) | E71: =IF(E11=$R32,$BD32*24,IF(E11=$R33,$BD33*24,IF(E11=$R34,$BD34*24,IF(E11=$R35,$BD35*24,IF(E11=$R36,$BD36*24,IF(E11=$R37,$BD37*24,IF(E11=$R38,$BD38*24,IF(E11=$R39,$BD39*24,IF(E11=$R40,$BD40*24,""))))))))) | F71: =IF(F11=$R32,$BD32*24,IF(F11=$R33,$BD33*24,IF(F11=$R34,$BD34*24,IF(F11=$R35,$BD35*24,IF(F11=$R36,$BD36*24,IF(F11=$R37,$BD37*24,IF(F11=$R38,$BD38*24,IF(F11=$R39,$BD39*24,IF(F11=$R40,$BD40*24,""))))))))) | G71: =IF(G11=$R32,$BD32*24,IF(G11=$R33,$BD33*24,IF(G11=$R34,$BD34*24,IF(G11=$R35,$BD35*24,IF(G11=$R36,$BD36*24,IF(G11=$R37,$BD37*24,IF(G11=$R38,$BD38*24,IF(G11=$R39,$BD39*24,IF(G11=$R40,$BD40*24,""))))))))) | H71: =IF(H11=$R32,$BD32*24,IF(H11=$R33,$BD33*24,IF(H11=$R34,$BD34*24,IF(H11=$R35,$BD35*24,IF(H11=$R36,$BD36*24,IF(H11=$R37,$BD37*24,IF(H11=$R38,$BD38*24,IF(H11=$R39,$BD39*24,IF(H11=$R40,$BD40*24,""))))))))) | I71: =IF(I11=$R32,$BD32*24,IF(I11=$R33,$BD33*24,IF(I11=$R34,$BD34*24,IF(I11=$R35,$BD35*24,IF(I11=$R36,$BD36*24,IF(I11=$R37,$BD37*24,IF(I11=$R38,$BD38*24,IF(I11=$R39,$BD39*24,IF(I11=$R40,$BD40*24,""))))))))) -> 0 | J71: =IF(J11=$R32,$BD32*24,IF(J11=$R33,$BD33*24,IF(J11=$R34,$BD34*24,IF(J11=$R35,$BD35*24,IF(J11=$R36,$BD36*24,IF(J11=$R37,$BD37*24,IF(J11=$R38,$BD38*24,IF(J11=$R39,$BD39*24,IF(J11=$R40,$BD40*24,""))))))))) -> 0 | ... AG71: =IF(AG11=$R32,$BD32*24,IF(AG11=$R33,$BD33*24,IF(AG11=$R34,$BD34*24,IF(AG11=$R35,$BD35*24,IF(AG11=$R36,$BD36*24,IF(AG11=$R37,$BD37*24,IF(AG11=$R38,$BD38*24,IF(AG11=$R39,$BD39*24,IF(AG11=$R40,$BD40*24,""))))))))) -> 0 | AH71: =SUM(C71:AG71) -> 8
B72: VACACIONES | C72: =IF(C11="V",$C36,IF(C11="PR",$C38,0)) -> 0 | D72: =IF(D11="V",$C36,IF(D11="PR",$C38,0)) -> 0 | E72: =IF(E11="V",$C36,IF(E11="PR",$C38,0)) -> 0 | F72: =IF(F11="V",$C36,IF(F11="PR",$C38,0)) -> 0 | G72: =IF(G11="V",$C36,IF(G11="PR",$C38,0)) -> 0 | H72: =IF(H11="V",$C36,IF(H11="PR",$C38,0)) -> 0 | I72: =IF(I11="V",$C36,IF(I11="PR",$C38,0)) -> 0 | J72: =IF(J11="V",$C36,IF(J11="PR",$C38,0)) -> 0 | ... AG72: =IF(AG11="V",$C36,IF(AG11="PR",$C38,0)) -> 0 | AH72: =SUM(C72:AG72) -> 0 | AJ72: X
A73: HORAS | B73: SUMA HORAS | C73: =IF(C11=$R32,$BC32,IF(C11=$R33,$BC33,IF(C11=$R34,$BC34,IF(C11=$R35,$BC35,IF(C11=$R36,$BC36,IF(C11=$R37,$BC37,IF(C11=$R38,$BC38,IF(C11=$R39,$BC39,IF(C11=$R40,$BC40,0))))))))) -> 12 | D73: =IF(D11=$R32,$BC32,IF(D11=$R33,$BC33,IF(D11=$R34,$BC34,IF(D11=$R35,$BC35,IF(D11=$R36,$BC36,IF(D11=$R37,$BC37,IF(D11=$R38,$BC38,IF(D11=$R39,$BC39,IF(D11=$R40,$BC40,0))))))))) -> 0 | E73: =IF(E11=$R32,$BC32,IF(E11=$R33,$BC33,IF(E11=$R34,$BC34,IF(E11=$R35,$BC35,IF(E11=$R36,$BC36,IF(E11=$R37,$BC37,IF(E11=$R38,$BC38,IF(E11=$R39,$BC39,IF(E11=$R40,$BC40,0))))))))) -> 0 | F73: =IF(F11=$R32,$BC32,IF(F11=$R33,$BC33,IF(F11=$R34,$BC34,IF(F11=$R35,$BC35,IF(F11=$R36,$BC36,IF(F11=$R37,$BC37,IF(F11=$R38,$BC38,IF(F11=$R39,$BC39,IF(F11=$R40,$BC40,0))))))))) -> 0 | G73: =IF(G11=$R32,$BC32,IF(G11=$R33,$BC33,IF(G11=$R34,$BC34,IF(G11=$R35,$BC35,IF(G11=$R36,$BC36,IF(G11=$R37,$BC37,IF(G11=$R38,$BC38,IF(G11=$R39,$BC39,IF(G11=$R40,$BC40,0))))))))) -> 0 | H73: =IF(H11=$R32,$BC32,IF(H11=$R33,$BC33,IF(H11=$R34,$BC34,IF(H11=$R35,$BC35,IF(H11=$R36,$BC36,IF(H11=$R37,$BC37,IF(H11=$R38,$BC38,IF(H11=$R39,$BC39,IF(H11=$R40,$BC40,0))))))))) -> 0 | I73: =IF(I11=$R32,$BC32,IF(I11=$R33,$BC33,IF(I11=$R34,$BC34,IF(I11=$R35,$BC35,IF(I11=$R36,$BC36,IF(I11=$R37,$BC37,IF(I11=$R38,$BC38,IF(I11=$R39,$BC39,IF(I11=$R40,$BC40,0))))))))) -> 12 | J73: =IF(J11=$R32,$BC32,IF(J11=$R33,$BC33,IF(J11=$R34,$BC34,IF(J11=$R35,$BC35,IF(J11=$R36,$BC36,IF(J11=$R37,$BC37,IF(J11=$R38,$BC38,IF(J11=$R39,$BC39,IF(J11=$R40,$BC40,0))))))))) -> 12 | ... AG73: =IF(AG11=$R32,$BC32,IF(AG11=$R33,$BC33,IF(AG11=$R34,$BC34,IF(AG11=$R35,$BC35,IF(AG11=$R36,$BC36,IF(AG11=$R37,$BC37,IF(AG11=$R38,$BC38,IF(AG11=$R39,$BC39,IF(AG11=$R40,$BC40,0))))))))) -> 12 | AH73: =SUM(C73:AG73) -> 204 | AJ73: h | AK73: X
A74: FESTIVOS | B74: DIA | C74: =IF(C46=1,IF(C69<C70,C73,0)) -> FALSE | D74: =IF(D46=1,IF(D69<D70,D73,0)) -> FALSE | E74: =IF(E46=1,IF(E69<E70,E73,0)) -> 0 | F74: =IF(F46=1,IF(F69<F70,F73,0)) -> 0 | G74: =IF(G46=1,IF(G69<G70,G73,0)) -> FALSE | H74: =IF(H46=1,IF(H69<H70,H73,0)) -> FALSE | I74: =IF(I46=1,IF(I69<I70,I73,0)) -> FALSE | J74: =IF(J46=1,IF(J69<J70,J73,0)) -> FALSE | ... AG74: =IF(AG46=1,IF(AG69<AG70,AG73,0)) -> 12 | AH74: X
B75: NOCHE 1 | C75: =IF(C46=1,IF(C69>C70,24-C69,0),0) -> 0 | D75: =IF(D46=1,IF(D69>D70,24-D69,0),0) -> 0 | E75: =IF(E46=1,IF(E69>E70,24-E69,0),0) -> 0 | F75: =IF(F46=1,IF(F69>F70,24-F69,0),0) -> 0 | G75: =IF(G46=1,IF(G69>G70,24-G69,0),0) -> 0 | H75: =IF(H46=1,IF(H69>H70,24-H69,0),0) -> 0 | I75: =IF(I46=1,IF(I69>I70,24-I69,0),0) -> 0 | J75: =IF(J46=1,IF(J69>J70,24-J69,0),0) -> 0 | ... AG75: =IF(AG46=1,IF(AG69>AG70,24-AG69,0),0) -> 0 | AH75: X
B76: NOCHE 2 | C76: =IF(D46=1,IF(C69>C70,C70,0),0) -> 0 | D76: =IF(E46=1,IF(D69>D70,D70,0),0) -> 0 | E76: =IF(F46=1,IF(E69>E70,E70,0),0) -> 0 | F76: =IF(G46=1,IF(F69>F70,F70,0),0) -> 0 | G76: =IF(H46=1,IF(G69>G70,G70,0),0) -> 0 | H76: =IF(I46=1,IF(H69>H70,H70,0),0) -> 0 | I76: =IF(J46=1,IF(I69>I70,I70,0),0) -> 0 | J76: =IF(K46=1,IF(J69>J70,J70,0),0) -> 0 | ... AG76: =IF(AH46=1,IF(AG69>AG70,AG70,0),0) -> 0 | AH76: X
B77: SUMA FESTIVOS | C77: =SUM(C74:C76) -> 0 | D77: =SUM(D74:D76) -> 0 | E77: =SUM(E74:E76) -> 0 | F77: =SUM(F74:F76) -> 0 | G77: =SUM(G74:G76) -> 0 | H77: =SUM(H74:H76) -> 0 | I77: =SUM(I74:I76) -> 0 | J77: =SUM(J74:J76) -> 0 | ... AG77: =SUM(AG74:AG76) -> 12 | AH77: X
B78: SUMA VACACIONES | C78: =IF(C11="V",IF(C11="",0,1),0) -> 0 | D78: =IF(D11="V",IF(D11="",0,1),0) -> 0 | E78: =IF(E11="V",IF(E11="",0,1),0) -> 0 | F78: =IF(F11="V",IF(F11="",0,1),0) -> 0 | G78: =IF(G11="V",IF(G11="",0,1),0) -> 0 | H78: =IF(H11="V",IF(H11="",0,1),0) -> 0 | I78: =IF(I11="V",IF(I11="",0,1),0) -> 0 | J78: =IF(J11="V",IF(J11="",0,1),0) -> 0 | ... AG78: =IF(AG11="V",IF(AG11="",0,1),0) -> 0 | AH78: X
B79: PR | C79: =IF(C11="PR",IF(C11="",0,1),0) -> 0 | D79: =IF(D11="PR",IF(D11="",0,1),0) -> 0 | E79: =IF(E11="PR",IF(E11="",0,1),0) -> 0 | F79: =IF(F11="PR",IF(F11="",0,1),0) -> 0 | G79: =IF(G11="PR",IF(G11="",0,1),0) -> 0 | H79: =IF(H11="PR",IF(H11="",0,1),0) -> 0 | I79: =IF(I11="PR",IF(I11="",0,1),0) -> 0 | J79: =IF(J11="PR",IF(J11="",0,1),0) -> 0 | ... AG79: =IF(AG11="PR",IF(AG11="",0,1),0) -> 0 | AH79: =SUM(C79:AG79) -> 0 | AJ79: pr
A80: VS4 | B80: ENTRADA | C80: =IF(C12=$R32,$S32*24,IF(C12=$R33,$S33*24,IF(C12=$R34,$S34*24,IF(C12=$R35,$S35*24,IF(C12=$R36,$S36*24,IF(C12=$R37,$S37*24,IF(C12=$R38,$S38*24,IF(C12=$R39,$S39*24,IF(C12=$R40,$S40*24,""))))))))) | D80: =IF(D12=$R32,$S32*24,IF(D12=$R33,$S33*24,IF(D12=$R34,$S34*24,IF(D12=$R35,$S35*24,IF(D12=$R36,$S36*24,IF(D12=$R37,$S37*24,IF(D12=$R38,$S38*24,IF(D12=$R39,$S39*24,IF(D12=$R40,$S40*24,""))))))))) -> 7 | E80: =IF(E12=$R32,$S32*24,IF(E12=$R33,$S33*24,IF(E12=$R34,$S34*24,IF(E12=$R35,$S35*24,IF(E12=$R36,$S36*24,IF(E12=$R37,$S37*24,IF(E12=$R38,$S38*24,IF(E12=$R39,$S39*24,IF(E12=$R40,$S40*24,""))))))))) -> 7 | F80: =IF(F12=$R32,$S32*24,IF(F12=$R33,$S33*24,IF(F12=$R34,$S34*24,IF(F12=$R35,$S35*24,IF(F12=$R36,$S36*24,IF(F12=$R37,$S37*24,IF(F12=$R38,$S38*24,IF(F12=$R39,$S39*24,IF(F12=$R40,$S40*24,""))))))))) -> 7 | G80: =IF(G12=$R32,$S32*24,IF(G12=$R33,$S33*24,IF(G12=$R34,$S34*24,IF(G12=$R35,$S35*24,IF(G12=$R36,$S36*24,IF(G12=$R37,$S37*24,IF(G12=$R38,$S38*24,IF(G12=$R39,$S39*24,IF(G12=$R40,$S40*24,""))))))))) -> 7 | H80: =IF(H12=$R32,$S32*24,IF(H12=$R33,$S33*24,IF(H12=$R34,$S34*24,IF(H12=$R35,$S35*24,IF(H12=$R36,$S36*24,IF(H12=$R37,$S37*24,IF(H12=$R38,$S38*24,IF(H12=$R39,$S39*24,IF(H12=$R40,$S40*24,""))))))))) -> 7 | I80: =IF(I12=$R32,$S32*24,IF(I12=$R33,$S33*24,IF(I12=$R34,$S34*24,IF(I12=$R35,$S35*24,IF(I12=$R36,$S36*24,IF(I12=$R37,$S37*24,IF(I12=$R38,$S38*24,IF(I12=$R39,$S39*24,IF(I12=$R40,$S40*24,""))))))))) -> 6 | J80: =IF(J12=$R32,$S32*24,IF(J12=$R33,$S33*24,IF(J12=$R34,$S34*24,IF(J12=$R35,$S35*24,IF(J12=$R36,$S36*24,IF(J12=$R37,$S37*24,IF(J12=$R38,$S38*24,IF(J12=$R39,$S39*24,IF(J12=$R40,$S40*24,""))))))))) -> 6 | ... AG80: =IF(AG12=$R32,$S32*24,IF(AG12=$R33,$S33*24,IF(AG12=$R34,$S34*24,IF(AG12=$R35,$S35*24,IF(AG12=$R36,$S36*24,IF(AG12=$R37,$S37*24,IF(AG12=$R38,$S38*24,IF(AG12=$R39,$S39*24,IF(AG12=$R40,$S40*24,""))))))))) | AH80: X
A81: C12 | B81: SALIDA | C81: =IF(C12=$R32,$V32*24,IF(C12=$R33,$V33*24,IF(C12=$R34,$V34*24,IF(C12=$R35,$V35*24,IF(C12=$R36,$V36*24,IF(C12=$R37,$V37*24,IF(C12=$R38,$V38*24,IF(C12=$R39,$V39*24,IF(C12=$R40,$V40*24,""))))))))) | D81: =IF(D12=$R32,$V32*24,IF(D12=$R33,$V33*24,IF(D12=$R34,$V34*24,IF(D12=$R35,$V35*24,IF(D12=$R36,$V36*24,IF(D12=$R37,$V37*24,IF(D12=$R38,$V38*24,IF(D12=$R39,$V39*24,IF(D12=$R40,$V40*24,""))))))))) -> 19 | E81: =IF(E12=$R32,$V32*24,IF(E12=$R33,$V33*24,IF(E12=$R34,$V34*24,IF(E12=$R35,$V35*24,IF(E12=$R36,$V36*24,IF(E12=$R37,$V37*24,IF(E12=$R38,$V38*24,IF(E12=$R39,$V39*24,IF(E12=$R40,$V40*24,""))))))))) -> 19 | F81: =IF(F12=$R32,$V32*24,IF(F12=$R33,$V33*24,IF(F12=$R34,$V34*24,IF(F12=$R35,$V35*24,IF(F12=$R36,$V36*24,IF(F12=$R37,$V37*24,IF(F12=$R38,$V38*24,IF(F12=$R39,$V39*24,IF(F12=$R40,$V40*24,""))))))))) -> 19 | G81: =IF(G12=$R32,$V32*24,IF(G12=$R33,$V33*24,IF(G12=$R34,$V34*24,IF(G12=$R35,$V35*24,IF(G12=$R36,$V36*24,IF(G12=$R37,$V37*24,IF(G12=$R38,$V38*24,IF(G12=$R39,$V39*24,IF(G12=$R40,$V40*24,""))))))))) -> 19 | H81: =IF(H12=$R32,$V32*24,IF(H12=$R33,$V33*24,IF(H12=$R34,$V34*24,IF(H12=$R35,$V35*24,IF(H12=$R36,$V36*24,IF(H12=$R37,$V37*24,IF(H12=$R38,$V38*24,IF(H12=$R39,$V39*24,IF(H12=$R40,$V40*24,""))))))))) -> 19 | I81: =IF(I12=$R32,$V32*24,IF(I12=$R33,$V33*24,IF(I12=$R34,$V34*24,IF(I12=$R35,$V35*24,IF(I12=$R36,$V36*24,IF(I12=$R37,$V37*24,IF(I12=$R38,$V38*24,IF(I12=$R39,$V39*24,IF(I12=$R40,$V40*24,""))))))))) -> 18 | J81: =IF(J12=$R32,$V32*24,IF(J12=$R33,$V33*24,IF(J12=$R34,$V34*24,IF(J12=$R35,$V35*24,IF(J12=$R36,$V36*24,IF(J12=$R37,$V37*24,IF(J12=$R38,$V38*24,IF(J12=$R39,$V39*24,IF(J12=$R40,$V40*24,""))))))))) -> 18 | ... AG81: =IF(AG12=$R32,$V32*24,IF(AG12=$R33,$V33*24,IF(AG12=$R34,$V34*24,IF(AG12=$R35,$V35*24,IF(AG12=$R36,$V36*24,IF(AG12=$R37,$V37*24,IF(AG12=$R38,$V38*24,IF(AG12=$R39,$V39*24,IF(AG12=$R40,$V40*24,""))))))))) | AH81: X
B82: NOCTURNIDAD | C82: =IF(C12=$R32,$BD32*24,IF(C12=$R33,$BD33*24,IF(C12=$R34,$BD34*24,IF(C12=$R35,$BD35*24,IF(C12=$R36,$BD36*24,IF(C12=$R37,$BD37*24,IF(C12=$R38,$BD38*24,IF(C12=$R39,$BD39*24,IF(C12=$R40,$BD40*24,""))))))))) | D82: =IF(D12=$R32,$BD32*24,IF(D12=$R33,$BD33*24,IF(D12=$R34,$BD34*24,IF(D12=$R35,$BD35*24,IF(D12=$R36,$BD36*24,IF(D12=$R37,$BD37*24,IF(D12=$R38,$BD38*24,IF(D12=$R39,$BD39*24,IF(D12=$R40,$BD40*24,""))))))))) -> 0 | E82: =IF(E12=$R32,$BD32*24,IF(E12=$R33,$BD33*24,IF(E12=$R34,$BD34*24,IF(E12=$R35,$BD35*24,IF(E12=$R36,$BD36*24,IF(E12=$R37,$BD37*24,IF(E12=$R38,$BD38*24,IF(E12=$R39,$BD39*24,IF(E12=$R40,$BD40*24,""))))))))) -> 0 | F82: =IF(F12=$R32,$BD32*24,IF(F12=$R33,$BD33*24,IF(F12=$R34,$BD34*24,IF(F12=$R35,$BD35*24,IF(F12=$R36,$BD36*24,IF(F12=$R37,$BD37*24,IF(F12=$R38,$BD38*24,IF(F12=$R39,$BD39*24,IF(F12=$R40,$BD40*24,""))))))))) -> 0 | G82: =IF(G12=$R32,$BD32*24,IF(G12=$R33,$BD33*24,IF(G12=$R34,$BD34*24,IF(G12=$R35,$BD35*24,IF(G12=$R36,$BD36*24,IF(G12=$R37,$BD37*24,IF(G12=$R38,$BD38*24,IF(G12=$R39,$BD39*24,IF(G12=$R40,$BD40*24,""))))))))) -> 0 | H82: =IF(H12=$R32,$BD32*24,IF(H12=$R33,$BD33*24,IF(H12=$R34,$BD34*24,IF(H12=$R35,$BD35*24,IF(H12=$R36,$BD36*24,IF(H12=$R37,$BD37*24,IF(H12=$R38,$BD38*24,IF(H12=$R39,$BD39*24,IF(H12=$R40,$BD40*24,""))))))))) -> 0 | I82: =IF(I12=$R32,$BD32*24,IF(I12=$R33,$BD33*24,IF(I12=$R34,$BD34*24,IF(I12=$R35,$BD35*24,IF(I12=$R36,$BD36*24,IF(I12=$R37,$BD37*24,IF(I12=$R38,$BD38*24,IF(I12=$R39,$BD39*24,IF(I12=$R40,$BD40*24,""))))))))) -> 0 | J82: =IF(J12=$R32,$BD32*24,IF(J12=$R33,$BD33*24,IF(J12=$R34,$BD34*24,IF(J12=$R35,$BD35*24,IF(J12=$R36,$BD36*24,IF(J12=$R37,$BD37*24,IF(J12=$R38,$BD38*24,IF(J12=$R39,$BD39*24,IF(J12=$R40,$BD40*24,""))))))))) -> 0 | ... AG82: =IF(AG12=$R32,$BD32*24,IF(AG12=$R33,$BD33*24,IF(AG12=$R34,$BD34*24,IF(AG12=$R35,$BD35*24,IF(AG12=$R36,$BD36*24,IF(AG12=$R37,$BD37*24,IF(AG12=$R38,$BD38*24,IF(AG12=$R39,$BD39*24,IF(AG12=$R40,$BD40*24,""))))))))) | AH82: =SUM(C82:AG82) -> 0
B83: VACACIONES | C83: =IF(C12="V",$C36,IF(C12="PR",$C38,0)) -> 0 | D83: =IF(D12="V",$C36,IF(D12="PR",$C38,0)) -> 0 | E83: =IF(E12="V",$C36,IF(E12="PR",$C38,0)) -> 0 | F83: =IF(F12="V",$C36,IF(F12="PR",$C38,0)) -> 0 | G83: =IF(G12="V",$C36,IF(G12="PR",$C38,0)) -> 0 | H83: =IF(H12="V",$C36,IF(H12="PR",$C38,0)) -> 0 | I83: =IF(I12="V",$C36,IF(I12="PR",$C38,0)) -> 0 | J83: =IF(J12="V",$C36,IF(J12="PR",$C38,0)) -> 0 | ... AG83: =IF(AG12="V",$C36,IF(AG12="PR",$C38,0)) -> 0 | AH83: =SUM(C83:AG83) -> 0 | AJ83: X
A84: HORAS | B84: SUMA HORAS | C84: =IF(C12=$R32,$BC32,IF(C12=$R33,$BC33,IF(C12=$R34,$BC34,IF(C12=$R35,$BC35,IF(C12=$R36,$BC36,IF(C12=$R37,$BC37,IF(C12=$R38,$BC38,IF(C12=$R39,$BC39,IF(C12=$R40,$BC40,0))))))))) -> 0 | D84: =IF(D12=$R32,$BC32,IF(D12=$R33,$BC33,IF(D12=$R34,$BC34,IF(D12=$R35,$BC35,IF(D12=$R36,$BC36,IF(D12=$R37,$BC37,IF(D12=$R38,$BC38,IF(D12=$R39,$BC39,IF(D12=$R40,$BC40,0))))))))) -> 12 | E84: =IF(E12=$R32,$BC32,IF(E12=$R33,$BC33,IF(E12=$R34,$BC34,IF(E12=$R35,$BC35,IF(E12=$R36,$BC36,IF(E12=$R37,$BC37,IF(E12=$R38,$BC38,IF(E12=$R39,$BC39,IF(E12=$R40,$BC40,0))))))))) -> 12 | F84: =IF(F12=$R32,$BC32,IF(F12=$R33,$BC33,IF(F12=$R34,$BC34,IF(F12=$R35,$BC35,IF(F12=$R36,$BC36,IF(F12=$R37,$BC37,IF(F12=$R38,$BC38,IF(F12=$R39,$BC39,IF(F12=$R40,$BC40,0))))))))) -> 12 | G84: =IF(G12=$R32,$BC32,IF(G12=$R33,$BC33,IF(G12=$R34,$BC34,IF(G12=$R35,$BC35,IF(G12=$R36,$BC36,IF(G12=$R37,$BC37,IF(G12=$R38,$BC38,IF(G12=$R39,$BC39,IF(G12=$R40,$BC40,0))))))))) -> 12 | H84: =IF(H12=$R32,$BC32,IF(H12=$R33,$BC33,IF(H12=$R34,$BC34,IF(H12=$R35,$BC35,IF(H12=$R36,$BC36,IF(H12=$R37,$BC37,IF(H12=$R38,$BC38,IF(H12=$R39,$BC39,IF(H12=$R40,$BC40,0))))))))) -> 12 | I84: =IF(I12=$R32,$BC32,IF(I12=$R33,$BC33,IF(I12=$R34,$BC34,IF(I12=$R35,$BC35,IF(I12=$R36,$BC36,IF(I12=$R37,$BC37,IF(I12=$R38,$BC38,IF(I12=$R39,$BC39,IF(I12=$R40,$BC40,0))))))))) -> 12 | J84: =IF(J12=$R32,$BC32,IF(J12=$R33,$BC33,IF(J12=$R34,$BC34,IF(J12=$R35,$BC35,IF(J12=$R36,$BC36,IF(J12=$R37,$BC37,IF(J12=$R38,$BC38,IF(J12=$R39,$BC39,IF(J12=$R40,$BC40,0))))))))) -> 12 | ... AG84: =IF(AG12=$R32,$BC32,IF(AG12=$R33,$BC33,IF(AG12=$R34,$BC34,IF(AG12=$R35,$BC35,IF(AG12=$R36,$BC36,IF(AG12=$R37,$BC37,IF(AG12=$R38,$BC38,IF(AG12=$R39,$BC39,IF(AG12=$R40,$BC40,0))))))))) -> 0 | AH84: =SUM(C84:AG84) -> 192 | AJ84: h | AK84: X
A85: FESTIVOS | B85: DIA | C85: =IF(C46=1,IF(C80<C81,C84,0)) -> FALSE | D85: =IF(D46=1,IF(D80<D81,D84,0)) -> FALSE | E85: =IF(E46=1,IF(E80<E81,E84,0)) -> 12 | F85: =IF(F46=1,IF(F80<F81,F84,0)) -> 12 | G85: =IF(G46=1,IF(G80<G81,G84,0)) -> FALSE | H85: =IF(H46=1,IF(H80<H81,H84,0)) -> FALSE | I85: =IF(I46=1,IF(I80<I81,I84,0)) -> FALSE | J85: =IF(J46=1,IF(J80<J81,J84,0)) -> FALSE | ... AG85: =IF(AG46=1,IF(AG80<AG81,AG84,0)) -> 0 | AH85: X
B86: NOCHE 1 | C86: =IF(C46=1,IF(C80>C81,24-C80,0),0) -> 0 | D86: =IF(D46=1,IF(D80>D81,24-D80,0),0) -> 0 | E86: =IF(E46=1,IF(E80>E81,24-E80,0),0) -> 0 | F86: =IF(F46=1,IF(F80>F81,24-F80,0),0) -> 0 | G86: =IF(G46=1,IF(G80>G81,24-G80,0),0) -> 0 | H86: =IF(H46=1,IF(H80>H81,24-H80,0),0) -> 0 | I86: =IF(I46=1,IF(I80>I81,24-I80,0),0) -> 0 | J86: =IF(J46=1,IF(J80>J81,24-J80,0),0) -> 0 | ... AG86: =IF(AG46=1,IF(AG80>AG81,24-AG80,0),0) -> 0 | AH86: X
B87: NOCHE 2 | C87: =IF(D46=1,IF(C80>C81,C81,0),0) -> 0 | D87: =IF(E46=1,IF(D80>D81,D81,0),0) -> 0 | E87: =IF(F46=1,IF(E80>E81,E81,0),0) -> 0 | F87: =IF(G46=1,IF(F80>F81,F81,0),0) -> 0 | G87: =IF(H46=1,IF(G80>G81,G81,0),0) -> 0 | H87: =IF(I46=1,IF(H80>H81,H81,0),0) -> 0 | I87: =IF(J46=1,IF(I80>I81,I81,0),0) -> 0 | J87: =IF(K46=1,IF(J80>J81,J81,0),0) -> 0 | ... AG87: =IF(AH46=1,IF(AG80>AG81,AG81,0),0) -> 0 | AH87: X
B88: SUMA FESTIVOS | C88: =SUM(C85:C87) -> 0 | D88: =SUM(D85:D87) -> 0 | E88: =SUM(E85:E87) -> 12 | F88: =SUM(F85:F87) -> 12 | G88: =SUM(G85:G87) -> 0 | H88: =SUM(H85:H87) -> 0 | I88: =SUM(I85:I87) -> 0 | J88: =SUM(J85:J87) -> 0 | ... AG88: =SUM(AG85:AG87) -> 0 | AH88: X
B89: SUMA VACACIONES | C89: =IF(C12="V",IF(C12="",0,1),0) -> 0 | D89: =IF(D12="V",IF(D12="",0,1),0) -> 0 | E89: =IF(E12="V",IF(E12="",0,1),0) -> 0 | F89: =IF(F12="V",IF(F12="",0,1),0) -> 0 | G89: =IF(G12="V",IF(G12="",0,1),0) -> 0 | H89: =IF(H12="V",IF(H12="",0,1),0) -> 0 | I89: =IF(I12="V",IF(I12="",0,1),0) -> 0 | J89: =IF(J12="V",IF(J12="",0,1),0) -> 0 | ... AG89: =IF(AG12="V",IF(AG12="",0,1),0) -> 0
B90: PR | C90: =IF(C12="PR",IF(C12="",0,1),0) -> 0 | D90: =IF(D12="PR",IF(D12="",0,1),0) -> 0 | E90: =IF(E12="PR",IF(E12="",0,1),0) -> 0 | F90: =IF(F12="PR",IF(F12="",0,1),0) -> 0 | G90: =IF(G12="PR",IF(G12="",0,1),0) -> 0 | H90: =IF(H12="PR",IF(H12="",0,1),0) -> 0 | I90: =IF(I12="PR",IF(I12="",0,1),0) -> 0 | J90: =IF(J12="PR",IF(J12="",0,1),0) -> 0 | ... AG90: =IF(AG12="PR",IF(AG12="",0,1),0) -> 0 | AH90: =SUM(C90:AG90) -> 0 | AJ90: pr
A91: VS5 | B91: ENTRADA | C91: =IF(C13=$R32,$S32*24,IF(C13=$R33,$S33*24,IF(C13=$R34,$S34*24,IF(C13=$R35,$S35*24,IF(C13=$R36,$S36*24,IF(C13=$R37,$S37*24,IF(C13=$R38,$S38*24,IF(C13=$R39,$S39*24,IF(C13=$R40,$S40*24,""))))))))) -> 7 | D91: =IF(D13=$R32,$S32*24,IF(D13=$R33,$S33*24,IF(D13=$R34,$S34*24,IF(D13=$R35,$S35*24,IF(D13=$R36,$S36*24,IF(D13=$R37,$S37*24,IF(D13=$R38,$S38*24,IF(D13=$R39,$S39*24,IF(D13=$R40,$S40*24,""))))))))) -> 6 | E91: =IF(E13=$R32,$S32*24,IF(E13=$R33,$S33*24,IF(E13=$R34,$S34*24,IF(E13=$R35,$S35*24,IF(E13=$R36,$S36*24,IF(E13=$R37,$S37*24,IF(E13=$R38,$S38*24,IF(E13=$R39,$S39*24,IF(E13=$R40,$S40*24,""))))))))) -> 6 | F91: =IF(F13=$R32,$S32*24,IF(F13=$R33,$S33*24,IF(F13=$R34,$S34*24,IF(F13=$R35,$S35*24,IF(F13=$R36,$S36*24,IF(F13=$R37,$S37*24,IF(F13=$R38,$S38*24,IF(F13=$R39,$S39*24,IF(F13=$R40,$S40*24,""))))))))) -> 6 | G91: =IF(G13=$R32,$S32*24,IF(G13=$R33,$S33*24,IF(G13=$R34,$S34*24,IF(G13=$R35,$S35*24,IF(G13=$R36,$S36*24,IF(G13=$R37,$S37*24,IF(G13=$R38,$S38*24,IF(G13=$R39,$S39*24,IF(G13=$R40,$S40*24,""))))))))) -> 19 | H91: =IF(H13=$R32,$S32*24,IF(H13=$R33,$S33*24,IF(H13=$R34,$S34*24,IF(H13=$R35,$S35*24,IF(H13=$R36,$S36*24,IF(H13=$R37,$S37*24,IF(H13=$R38,$S38*24,IF(H13=$R39,$S39*24,IF(H13=$R40,$S40*24,""))))))))) -> 19 | I91: =IF(I13=$R32,$S32*24,IF(I13=$R33,$S33*24,IF(I13=$R34,$S34*24,IF(I13=$R35,$S35*24,IF(I13=$R36,$S36*24,IF(I13=$R37,$S37*24,IF(I13=$R38,$S38*24,IF(I13=$R39,$S39*24,IF(I13=$R40,$S40*24,""))))))))) | J91: =IF(J13=$R32,$S32*24,IF(J13=$R33,$S33*24,IF(J13=$R34,$S34*24,IF(J13=$R35,$S35*24,IF(J13=$R36,$S36*24,IF(J13=$R37,$S37*24,IF(J13=$R38,$S38*24,IF(J13=$R39,$S39*24,IF(J13=$R40,$S40*24,""))))))))) | ... AG91: =IF(AG13=$R32,$S32*24,IF(AG13=$R33,$S33*24,IF(AG13=$R34,$S34*24,IF(AG13=$R35,$S35*24,IF(AG13=$R36,$S36*24,IF(AG13=$R37,$S37*24,IF(AG13=$R38,$S38*24,IF(AG13=$R39,$S39*24,IF(AG13=$R40,$S40*24,""))))))))) -> 6 | AH91: X
A92: C13 | B92: SALIDA | C92: =IF(C13=$R32,$V32*24,IF(C13=$R33,$V33*24,IF(C13=$R34,$V34*24,IF(C13=$R35,$V35*24,IF(C13=$R36,$V36*24,IF(C13=$R37,$V37*24,IF(C13=$R38,$V38*24,IF(C13=$R39,$V39*24,IF(C13=$R40,$V40*24,""))))))))) -> 19 | D92: =IF(D13=$R32,$V32*24,IF(D13=$R33,$V33*24,IF(D13=$R34,$V34*24,IF(D13=$R35,$V35*24,IF(D13=$R36,$V36*24,IF(D13=$R37,$V37*24,IF(D13=$R38,$V38*24,IF(D13=$R39,$V39*24,IF(D13=$R40,$V40*24,""))))))))) -> 18 | E92: =IF(E13=$R32,$V32*24,IF(E13=$R33,$V33*24,IF(E13=$R34,$V34*24,IF(E13=$R35,$V35*24,IF(E13=$R36,$V36*24,IF(E13=$R37,$V37*24,IF(E13=$R38,$V38*24,IF(E13=$R39,$V39*24,IF(E13=$R40,$V40*24,""))))))))) -> 18 | F92: =IF(F13=$R32,$V32*24,IF(F13=$R33,$V33*24,IF(F13=$R34,$V34*24,IF(F13=$R35,$V35*24,IF(F13=$R36,$V36*24,IF(F13=$R37,$V37*24,IF(F13=$R38,$V38*24,IF(F13=$R39,$V39*24,IF(F13=$R40,$V40*24,""))))))))) -> 18 | G92: =IF(G13=$R32,$V32*24,IF(G13=$R33,$V33*24,IF(G13=$R34,$V34*24,IF(G13=$R35,$V35*24,IF(G13=$R36,$V36*24,IF(G13=$R37,$V37*24,IF(G13=$R38,$V38*24,IF(G13=$R39,$V39*24,IF(G13=$R40,$V40*24,""))))))))) -> 7 | H92: =IF(H13=$R32,$V32*24,IF(H13=$R33,$V33*24,IF(H13=$R34,$V34*24,IF(H13=$R35,$V35*24,IF(H13=$R36,$V36*24,IF(H13=$R37,$V37*24,IF(H13=$R38,$V38*24,IF(H13=$R39,$V39*24,IF(H13=$R40,$V40*24,""))))))))) -> 7 | I92: =IF(I13=$R32,$V32*24,IF(I13=$R33,$V33*24,IF(I13=$R34,$V34*24,IF(I13=$R35,$V35*24,IF(I13=$R36,$V36*24,IF(I13=$R37,$V37*24,IF(I13=$R38,$V38*24,IF(I13=$R39,$V39*24,IF(I13=$R40,$V40*24,""))))))))) | J92: =IF(J13=$R32,$V32*24,IF(J13=$R33,$V33*24,IF(J13=$R34,$V34*24,IF(J13=$R35,$V35*24,IF(J13=$R36,$V36*24,IF(J13=$R37,$V37*24,IF(J13=$R38,$V38*24,IF(J13=$R39,$V39*24,IF(J13=$R40,$V40*24,""))))))))) | ... AG92: =IF(AG13=$R32,$V32*24,IF(AG13=$R33,$V33*24,IF(AG13=$R34,$V34*24,IF(AG13=$R35,$V35*24,IF(AG13=$R36,$V36*24,IF(AG13=$R37,$V37*24,IF(AG13=$R38,$V38*24,IF(AG13=$R39,$V39*24,IF(AG13=$R40,$V40*24,""))))))))) -> 18 | AH92: X
B93: NOCTURNIDAD | C93: =IF(C13=$R32,$BD32*24,IF(C13=$R33,$BD33*24,IF(C13=$R34,$BD34*24,IF(C13=$R35,$BD35*24,IF(C13=$R36,$BD36*24,IF(C13=$R37,$BD37*24,IF(C13=$R38,$BD38*24,IF(C13=$R39,$BD39*24,IF(C13=$R40,$BD40*24,""))))))))) -> 0 | D93: =IF(D13=$R32,$BD32*24,IF(D13=$R33,$BD33*24,IF(D13=$R34,$BD34*24,IF(D13=$R35,$BD35*24,IF(D13=$R36,$BD36*24,IF(D13=$R37,$BD37*24,IF(D13=$R38,$BD38*24,IF(D13=$R39,$BD39*24,IF(D13=$R40,$BD40*24,""))))))))) -> 0 | E93: =IF(E13=$R32,$BD32*24,IF(E13=$R33,$BD33*24,IF(E13=$R34,$BD34*24,IF(E13=$R35,$BD35*24,IF(E13=$R36,$BD36*24,IF(E13=$R37,$BD37*24,IF(E13=$R38,$BD38*24,IF(E13=$R39,$BD39*24,IF(E13=$R40,$BD40*24,""))))))))) -> 0 | F93: =IF(F13=$R32,$BD32*24,IF(F13=$R33,$BD33*24,IF(F13=$R34,$BD34*24,IF(F13=$R35,$BD35*24,IF(F13=$R36,$BD36*24,IF(F13=$R37,$BD37*24,IF(F13=$R38,$BD38*24,IF(F13=$R39,$BD39*24,IF(F13=$R40,$BD40*24,""))))))))) -> 0 | G93: =IF(G13=$R32,$BD32*24,IF(G13=$R33,$BD33*24,IF(G13=$R34,$BD34*24,IF(G13=$R35,$BD35*24,IF(G13=$R36,$BD36*24,IF(G13=$R37,$BD37*24,IF(G13=$R38,$BD38*24,IF(G13=$R39,$BD39*24,IF(G13=$R40,$BD40*24,""))))))))) -> 8 | H93: =IF(H13=$R32,$BD32*24,IF(H13=$R33,$BD33*24,IF(H13=$R34,$BD34*24,IF(H13=$R35,$BD35*24,IF(H13=$R36,$BD36*24,IF(H13=$R37,$BD37*24,IF(H13=$R38,$BD38*24,IF(H13=$R39,$BD39*24,IF(H13=$R40,$BD40*24,""))))))))) -> 8 | I93: =IF(I13=$R32,$BD32*24,IF(I13=$R33,$BD33*24,IF(I13=$R34,$BD34*24,IF(I13=$R35,$BD35*24,IF(I13=$R36,$BD36*24,IF(I13=$R37,$BD37*24,IF(I13=$R38,$BD38*24,IF(I13=$R39,$BD39*24,IF(I13=$R40,$BD40*24,""))))))))) | J93: =IF(J13=$R32,$BD32*24,IF(J13=$R33,$BD33*24,IF(J13=$R34,$BD34*24,IF(J13=$R35,$BD35*24,IF(J13=$R36,$BD36*24,IF(J13=$R37,$BD37*24,IF(J13=$R38,$BD38*24,IF(J13=$R39,$BD39*24,IF(J13=$R40,$BD40*24,""))))))))) | ... AG93: =IF(AG13=$R32,$BD32*24,IF(AG13=$R33,$BD33*24,IF(AG13=$R34,$BD34*24,IF(AG13=$R35,$BD35*24,IF(AG13=$R36,$BD36*24,IF(AG13=$R37,$BD37*24,IF(AG13=$R38,$BD38*24,IF(AG13=$R39,$BD39*24,IF(AG13=$R40,$BD40*24,""))))))))) -> 0 | AH93: =SUM(C93:AG93) -> 16
B94: VACACIONES | C94: =IF(C13="V",$C36,IF(C13="PR",$C38,0)) -> 0 | D94: =IF(D13="V",$C36,IF(D13="PR",$C38,0)) -> 0 | E94: =IF(E13="V",$C36,IF(E13="PR",$C38,0)) -> 0 | F94: =IF(F13="V",$C36,IF(F13="PR",$C38,0)) -> 0 | G94: =IF(G13="V",$C36,IF(G13="PR",$C38,0)) -> 0 | H94: =IF(H13="V",$C36,IF(H13="PR",$C38,0)) -> 0 | I94: =IF(I13="V",$C36,IF(I13="PR",$C38,0)) -> 0 | J94: =IF(J13="V",$C36,IF(J13="PR",$C38,0)) -> 0 | ... AG94: =IF(AG13="V",$C36,IF(AG13="PR",$C38,0)) -> 0 | AH94: =SUM(C94:AG94) -> 0 | AJ94: X
A95: HORAS | B95: SUMA HORAS | C95: =IF(C13=$R32,$BC32,IF(C13=$R33,$BC33,IF(C13=$R34,$BC34,IF(C13=$R35,$BC35,IF(C13=$R36,$BC36,IF(C13=$R37,$BC37,IF(C13=$R38,$BC38,IF(C13=$R39,$BC39,IF(C13=$R40,$BC40,0))))))))) -> 12 | D95: =IF(D13=$R32,$BC32,IF(D13=$R33,$BC33,IF(D13=$R34,$BC34,IF(D13=$R35,$BC35,IF(D13=$R36,$BC36,IF(D13=$R37,$BC37,IF(D13=$R38,$BC38,IF(D13=$R39,$BC39,IF(D13=$R40,$BC40,0))))))))) -> 12 | E95: =IF(E13=$R32,$BC32,IF(E13=$R33,$BC33,IF(E13=$R34,$BC34,IF(E13=$R35,$BC35,IF(E13=$R36,$BC36,IF(E13=$R37,$BC37,IF(E13=$R38,$BC38,IF(E13=$R39,$BC39,IF(E13=$R40,$BC40,0))))))))) -> 12 | F95: =IF(F13=$R32,$BC32,IF(F13=$R33,$BC33,IF(F13=$R34,$BC34,IF(F13=$R35,$BC35,IF(F13=$R36,$BC36,IF(F13=$R37,$BC37,IF(F13=$R38,$BC38,IF(F13=$R39,$BC39,IF(F13=$R40,$BC40,0))))))))) -> 12 | G95: =IF(G13=$R32,$BC32,IF(G13=$R33,$BC33,IF(G13=$R34,$BC34,IF(G13=$R35,$BC35,IF(G13=$R36,$BC36,IF(G13=$R37,$BC37,IF(G13=$R38,$BC38,IF(G13=$R39,$BC39,IF(G13=$R40,$BC40,0))))))))) -> 12 | H95: =IF(H13=$R32,$BC32,IF(H13=$R33,$BC33,IF(H13=$R34,$BC34,IF(H13=$R35,$BC35,IF(H13=$R36,$BC36,IF(H13=$R37,$BC37,IF(H13=$R38,$BC38,IF(H13=$R39,$BC39,IF(H13=$R40,$BC40,0))))))))) -> 12 | I95: =IF(I13=$R32,$BC32,IF(I13=$R33,$BC33,IF(I13=$R34,$BC34,IF(I13=$R35,$BC35,IF(I13=$R36,$BC36,IF(I13=$R37,$BC37,IF(I13=$R38,$BC38,IF(I13=$R39,$BC39,IF(I13=$R40,$BC40,0))))))))) -> 0 | J95: =IF(J13=$R32,$BC32,IF(J13=$R33,$BC33,IF(J13=$R34,$BC34,IF(J13=$R35,$BC35,IF(J13=$R36,$BC36,IF(J13=$R37,$BC37,IF(J13=$R38,$BC38,IF(J13=$R39,$BC39,IF(J13=$R40,$BC40,0))))))))) -> 0 | ... AG95: =IF(AG13=$R32,$BC32,IF(AG13=$R33,$BC33,IF(AG13=$R34,$BC34,IF(AG13=$R35,$BC35,IF(AG13=$R36,$BC36,IF(AG13=$R37,$BC37,IF(AG13=$R38,$BC38,IF(AG13=$R39,$BC39,IF(AG13=$R40,$BC40,0))))))))) -> 12 | AH95: =SUM(C95:AG95) -> 180 | AJ95: h | AK95: X
A96: FESTIVOS | B96: DIA | C96: =IF(C46=1,IF(C91<C92,C95,0)) -> FALSE | D96: =IF(D46=1,IF(D91<D92,D95,0)) -> FALSE | E96: =IF(E46=1,IF(E91<E92,E95,0)) -> 12 | F96: =IF(F46=1,IF(F91<F92,F95,0)) -> 12 | G96: =IF(G46=1,IF(G91<G92,G95,0)) -> FALSE | H96: =IF(H46=1,IF(H91<H92,H95,0)) -> FALSE | I96: =IF(I46=1,IF(I91<I92,I95,0)) -> FALSE | J96: =IF(J46=1,IF(J91<J92,J95,0)) -> FALSE | ... AG96: =IF(AG46=1,IF(AG91<AG92,AG95,0)) -> 12 | AH96: X
B97: NOCHE 1 | C97: =IF(C46=1,IF(C91>C92,24-C91,0),0) -> 0 | D97: =IF(D46=1,IF(D91>D92,24-D91,0),0) -> 0 | E97: =IF(E46=1,IF(E91>E92,24-E91,0),0) -> 0 | F97: =IF(F46=1,IF(F91>F92,24-F91,0),0) -> 0 | G97: =IF(G46=1,IF(G91>G92,24-G91,0),0) -> 0 | H97: =IF(H46=1,IF(H91>H92,24-H91,0),0) -> 0 | I97: =IF(I46=1,IF(I91>I92,24-I91,0),0) -> 0 | J97: =IF(J46=1,IF(J91>J92,24-J91,0),0) -> 0 | ... AG97: =IF(AG46=1,IF(AG91>AG92,24-AG91,0),0) -> 0 | AH97: X
B98: NOCHE 2 | C98: =IF(D46=1,IF(C91>C92,C92,0),0) -> 0 | D98: =IF(E46=1,IF(D91>D92,D92,0),0) -> 0 | E98: =IF(F46=1,IF(E91>E92,E92,0),0) -> 0 | F98: =IF(G46=1,IF(F91>F92,F92,0),0) -> 0 | G98: =IF(H46=1,IF(G91>G92,G92,0),0) -> 0 | H98: =IF(I46=1,IF(H91>H92,H92,0),0) -> 0 | I98: =IF(J46=1,IF(I91>I92,I92,0),0) -> 0 | J98: =IF(K46=1,IF(J91>J92,J92,0),0) -> 0 | ... AG98: =IF(AH46=1,IF(AG91>AG92,AG92,0),0) -> 0 | AH98: X
B99: SUMA FESTIVOS | C99: =SUM(C96:C98) -> 0 | D99: =SUM(D96:D98) -> 0 | E99: =SUM(E96:E98) -> 12 | F99: =SUM(F96:F98) -> 12 | G99: =SUM(G96:G98) -> 0 | H99: =SUM(H96:H98) -> 0 | I99: =SUM(I96:I98) -> 0 | J99: =SUM(J96:J98) -> 0 | ... AG99: =SUM(AG96:AG98) -> 12 | AH99: X
B100: SUMA VACACIONES | C100: =IF(C13="V",IF(C13="",0,1),0) -> 0 | D100: =IF(D13="V",IF(D13="",0,1),0) -> 0 | E100: =IF(E13="V",IF(E13="",0,1),0) -> 0 | F100: =IF(F13="V",IF(F13="",0,1),0) -> 0 | G100: =IF(G13="V",IF(G13="",0,1),0) -> 0 | H100: =IF(H13="V",IF(H13="",0,1),0) -> 0 | I100: =IF(I13="V",IF(I13="",0,1),0) -> 0 | J100: =IF(J13="V",IF(J13="",0,1),0) -> 0 | ... AG100: =IF(AG13="V",IF(AG13="",0,1),0) -> 0 | AH100: X
B101: PR | C101: =IF(C13="PR",IF(C13="",0,1),0) -> 0 | D101: =IF(D13="PR",IF(D13="",0,1),0) -> 0 | E101: =IF(E13="PR",IF(E13="",0,1),0) -> 0 | F101: =IF(F13="PR",IF(F13="",0,1),0) -> 0 | G101: =IF(G13="PR",IF(G13="",0,1),0) -> 0 | H101: =IF(H13="PR",IF(H13="",0,1),0) -> 0 | I101: =IF(I13="PR",IF(I13="",0,1),0) -> 0 | J101: =IF(J13="PR",IF(J13="",0,1),0) -> 0 | ... AG101: =IF(AG13="PR",IF(AG13="",0,1),0) -> 0 | AH101: =SUM(C101:AG101) -> 0 | AJ101: pr
A102: VS6 | B102: ENTRADA | C102: =IF(C14=$R32,$S32*24,IF(C14=$R33,$S33*24,IF(C14=$R34,$S34*24,IF(C14=$R35,$S35*24,IF(C14=$R36,$S36*24,IF(C14=$R37,$S37*24,IF(C14=$R38,$S38*24,IF(C14=$R39,$S39*24,IF(C14=$R40,$S40*24,""))))))))) -> 6 | D102: =IF(D14=$R32,$S32*24,IF(D14=$R33,$S33*24,IF(D14=$R34,$S34*24,IF(D14=$R35,$S35*24,IF(D14=$R36,$S36*24,IF(D14=$R37,$S37*24,IF(D14=$R38,$S38*24,IF(D14=$R39,$S39*24,IF(D14=$R40,$S40*24,""))))))))) | E102: =IF(E14=$R32,$S32*24,IF(E14=$R33,$S33*24,IF(E14=$R34,$S34*24,IF(E14=$R35,$S35*24,IF(E14=$R36,$S36*24,IF(E14=$R37,$S37*24,IF(E14=$R38,$S38*24,IF(E14=$R39,$S39*24,IF(E14=$R40,$S40*24,""))))))))) | F102: =IF(F14=$R32,$S32*24,IF(F14=$R33,$S33*24,IF(F14=$R34,$S34*24,IF(F14=$R35,$S35*24,IF(F14=$R36,$S36*24,IF(F14=$R37,$S37*24,IF(F14=$R38,$S38*24,IF(F14=$R39,$S39*24,IF(F14=$R40,$S40*24,""))))))))) | G102: =IF(G14=$R32,$S32*24,IF(G14=$R33,$S33*24,IF(G14=$R34,$S34*24,IF(G14=$R35,$S35*24,IF(G14=$R36,$S36*24,IF(G14=$R37,$S37*24,IF(G14=$R38,$S38*24,IF(G14=$R39,$S39*24,IF(G14=$R40,$S40*24,""))))))))) -> 6 | H102: =IF(H14=$R32,$S32*24,IF(H14=$R33,$S33*24,IF(H14=$R34,$S34*24,IF(H14=$R35,$S35*24,IF(H14=$R36,$S36*24,IF(H14=$R37,$S37*24,IF(H14=$R38,$S38*24,IF(H14=$R39,$S39*24,IF(H14=$R40,$S40*24,""))))))))) -> 6 | I102: =IF(I14=$R32,$S32*24,IF(I14=$R33,$S33*24,IF(I14=$R34,$S34*24,IF(I14=$R35,$S35*24,IF(I14=$R36,$S36*24,IF(I14=$R37,$S37*24,IF(I14=$R38,$S38*24,IF(I14=$R39,$S39*24,IF(I14=$R40,$S40*24,""))))))))) | J102: =IF(J14=$R32,$S32*24,IF(J14=$R33,$S33*24,IF(J14=$R34,$S34*24,IF(J14=$R35,$S35*24,IF(J14=$R36,$S36*24,IF(J14=$R37,$S37*24,IF(J14=$R38,$S38*24,IF(J14=$R39,$S39*24,IF(J14=$R40,$S40*24,""))))))))) | ... AG102: =IF(AG14=$R32,$S32*24,IF(AG14=$R33,$S33*24,IF(AG14=$R34,$S34*24,IF(AG14=$R35,$S35*24,IF(AG14=$R36,$S36*24,IF(AG14=$R37,$S37*24,IF(AG14=$R38,$S38*24,IF(AG14=$R39,$S39*24,IF(AG14=$R40,$S40*24,""))))))))) | AH102: X
A103: C14 | B103: SALIDA | C103: =IF(C14=$R32,$V32*24,IF(C14=$R33,$V33*24,IF(C14=$R34,$V34*24,IF(C14=$R35,$V35*24,IF(C14=$R36,$V36*24,IF(C14=$R37,$V37*24,IF(C14=$R38,$V38*24,IF(C14=$R39,$V39*24,IF(C14=$R40,$V40*24,""))))))))) -> 18 | D103: =IF(D14=$R32,$V32*24,IF(D14=$R33,$V33*24,IF(D14=$R34,$V34*24,IF(D14=$R35,$V35*24,IF(D14=$R36,$V36*24,IF(D14=$R37,$V37*24,IF(D14=$R38,$V38*24,IF(D14=$R39,$V39*24,IF(D14=$R40,$V40*24,""))))))))) | E103: =IF(E14=$R32,$V32*24,IF(E14=$R33,$V33*24,IF(E14=$R34,$V34*24,IF(E14=$R35,$V35*24,IF(E14=$R36,$V36*24,IF(E14=$R37,$V37*24,IF(E14=$R38,$V38*24,IF(E14=$R39,$V39*24,IF(E14=$R40,$V40*24,""))))))))) | F103: =IF(F14=$R32,$V32*24,IF(F14=$R33,$V33*24,IF(F14=$R34,$V34*24,IF(F14=$R35,$V35*24,IF(F14=$R36,$V36*24,IF(F14=$R37,$V37*24,IF(F14=$R38,$V38*24,IF(F14=$R39,$V39*24,IF(F14=$R40,$V40*24,""))))))))) | G103: =IF(G14=$R32,$V32*24,IF(G14=$R33,$V33*24,IF(G14=$R34,$V34*24,IF(G14=$R35,$V35*24,IF(G14=$R36,$V36*24,IF(G14=$R37,$V37*24,IF(G14=$R38,$V38*24,IF(G14=$R39,$V39*24,IF(G14=$R40,$V40*24,""))))))))) -> 18 | H103: =IF(H14=$R32,$V32*24,IF(H14=$R33,$V33*24,IF(H14=$R34,$V34*24,IF(H14=$R35,$V35*24,IF(H14=$R36,$V36*24,IF(H14=$R37,$V37*24,IF(H14=$R38,$V38*24,IF(H14=$R39,$V39*24,IF(H14=$R40,$V40*24,""))))))))) -> 18 | I103: =IF(I14=$R32,$V32*24,IF(I14=$R33,$V33*24,IF(I14=$R34,$V34*24,IF(I14=$R35,$V35*24,IF(I14=$R36,$V36*24,IF(I14=$R37,$V37*24,IF(I14=$R38,$V38*24,IF(I14=$R39,$V39*24,IF(I14=$R40,$V40*24,""))))))))) | J103: =IF(J14=$R32,$V32*24,IF(J14=$R33,$V33*24,IF(J14=$R34,$V34*24,IF(J14=$R35,$V35*24,IF(J14=$R36,$V36*24,IF(J14=$R37,$V37*24,IF(J14=$R38,$V38*24,IF(J14=$R39,$V39*24,IF(J14=$R40,$V40*24,""))))))))) | ... AG103: =IF(AG14=$R32,$V32*24,IF(AG14=$R33,$V33*24,IF(AG14=$R34,$V34*24,IF(AG14=$R35,$V35*24,IF(AG14=$R36,$V36*24,IF(AG14=$R37,$V37*24,IF(AG14=$R38,$V38*24,IF(AG14=$R39,$V39*24,IF(AG14=$R40,$V40*24,""))))))))) | AH103: X
B104: NOCTURNIDAD | C104: =IF(C14=$R32,$BD32*24,IF(C14=$R33,$BD33*24,IF(C14=$R34,$BD34*24,IF(C14=$R35,$BD35*24,IF(C14=$R36,$BD36*24,IF(C14=$R37,$BD37*24,IF(C14=$R38,$BD38*24,IF(C14=$R39,$BD39*24,IF(C14=$R40,$BD40*24,""))))))))) -> 0 | D104: =IF(D14=$R32,$BD32*24,IF(D14=$R33,$BD33*24,IF(D14=$R34,$BD34*24,IF(D14=$R35,$BD35*24,IF(D14=$R36,$BD36*24,IF(D14=$R37,$BD37*24,IF(D14=$R38,$BD38*24,IF(D14=$R39,$BD39*24,IF(D14=$R40,$BD40*24,""))))))))) | E104: =IF(E14=$R32,$BD32*24,IF(E14=$R33,$BD33*24,IF(E14=$R34,$BD34*24,IF(E14=$R35,$BD35*24,IF(E14=$R36,$BD36*24,IF(E14=$R37,$BD37*24,IF(E14=$R38,$BD38*24,IF(E14=$R39,$BD39*24,IF(E14=$R40,$BD40*24,""))))))))) | F104: =IF(F14=$R32,$BD32*24,IF(F14=$R33,$BD33*24,IF(F14=$R34,$BD34*24,IF(F14=$R35,$BD35*24,IF(F14=$R36,$BD36*24,IF(F14=$R37,$BD37*24,IF(F14=$R38,$BD38*24,IF(F14=$R39,$BD39*24,IF(F14=$R40,$BD40*24,""))))))))) | G104: =IF(G14=$R32,$BD32*24,IF(G14=$R33,$BD33*24,IF(G14=$R34,$BD34*24,IF(G14=$R35,$BD35*24,IF(G14=$R36,$BD36*24,IF(G14=$R37,$BD37*24,IF(G14=$R38,$BD38*24,IF(G14=$R39,$BD39*24,IF(G14=$R40,$BD40*24,""))))))))) -> 0 | H104: =IF(H14=$R32,$BD32*24,IF(H14=$R33,$BD33*24,IF(H14=$R34,$BD34*24,IF(H14=$R35,$BD35*24,IF(H14=$R36,$BD36*24,IF(H14=$R37,$BD37*24,IF(H14=$R38,$BD38*24,IF(H14=$R39,$BD39*24,IF(H14=$R40,$BD40*24,""))))))))) -> 0 | I104: =IF(I14=$R32,$BD32*24,IF(I14=$R33,$BD33*24,IF(I14=$R34,$BD34*24,IF(I14=$R35,$BD35*24,IF(I14=$R36,$BD36*24,IF(I14=$R37,$BD37*24,IF(I14=$R38,$BD38*24,IF(I14=$R39,$BD39*24,IF(I14=$R40,$BD40*24,""))))))))) | J104: =IF(J14=$R32,$BD32*24,IF(J14=$R33,$BD33*24,IF(J14=$R34,$BD34*24,IF(J14=$R35,$BD35*24,IF(J14=$R36,$BD36*24,IF(J14=$R37,$BD37*24,IF(J14=$R38,$BD38*24,IF(J14=$R39,$BD39*24,IF(J14=$R40,$BD40*24,""))))))))) | ... AG104: =IF(AG14=$R32,$BD32*24,IF(AG14=$R33,$BD33*24,IF(AG14=$R34,$BD34*24,IF(AG14=$R35,$BD35*24,IF(AG14=$R36,$BD36*24,IF(AG14=$R37,$BD37*24,IF(AG14=$R38,$BD38*24,IF(AG14=$R39,$BD39*24,IF(AG14=$R40,$BD40*24,""))))))))) | AH104: =SUM(C104:AG104) -> 24
B105: VACACIONES | C105: =IF(C14="V",$C36,IF(C14="PR",$C38,0)) -> 0 | D105: =IF(D14="V",$C36,IF(D14="PR",$C38,0)) -> 0 | E105: =IF(E14="V",$C36,IF(E14="PR",$C38,0)) -> 0 | F105: =IF(F14="V",$C36,IF(F14="PR",$C38,0)) -> 0 | G105: =IF(G14="V",$C36,IF(G14="PR",$C38,0)) -> 0 | H105: =IF(H14="V",$C36,IF(H14="PR",$C38,0)) -> 0 | I105: =IF(I14="V",$C36,IF(I14="PR",$C38,0)) -> 0 | J105: =IF(J14="V",$C36,IF(J14="PR",$C38,0)) -> 0 | ... AG105: =IF(AG14="V",$C36,IF(AG14="PR",$C38,0)) -> 0 | AH105: =SUM(C105:AG105) -> 0 | AJ105: =SUM(AH50+AH61+AH72+AH83+AH94+AH105) -> 0 | AL105: t | AM105: X
...

Sheet FEBRERO
B3: =C32 -> EMPRESA
B4: =C33 -> CENTRO | Q4: =DATE($C$34,$C$35,1) -> 46054 | Z4: =SUM(AH51+AH62+AH73+AH84+AH95+AH106+AH117+AH128+AH139+AH150+AH161+AH172) -> 1008 | AC4: h. centro
AE5: =IF(CA59=28,IF(CA59="",0,1),IF(CA59=1,IF(CA59="",0,1),"")) -> 1 | AF5: =IF(CA59=29,IF(CA59="",0,1),IF(CA59=1,IF(CA59="",0,1),"")) | AG5: =IF(CA59=30,IF(CA59="",0,1),IF(CA59=1,IF(CA59="",0,1),"")) | AH5: =IF(CA59=31,IF(CA59="",0,1),IF(CA59=1,IF(CA59="",0,1),""))
B6: FESTIVO
B7: DIA SEM. | C7: =IF(AV47="LUNES","lu",IF(AV47="MARTES","ma",IF(AV47="MIERCOLES","mi",IF(AV47="JUEVES","ju",IF(AV47="VIERNES","vi",IF(AV47="SABADO","S",IF(AV47="DOMINGO","D",""))))))) -> D | D7: =IF(C7="lu","ma",IF(C7="ma","mi",IF(C7="mi","ju",IF(C7="ju","vi",IF(C7="vi","S",IF(C7="S","D",IF(C7="D","lu",""))))))) -> lu | E7: =IF(D7="lu","ma",IF(D7="ma","mi",IF(D7="mi","ju",IF(D7="ju","vi",IF(D7="vi","S",IF(D7="S","D",IF(D7="D","lu",""))))))) -> ma | F7: =IF(E7="lu","ma",IF(E7="ma","mi",IF(E7="mi","ju",IF(E7="ju","vi",IF(E7="vi","S",IF(E7="S","D",IF(E7="D","lu",""))))))) -> mi | G7: =IF(F7="lu","ma",IF(F7="ma","mi",IF(F7="mi","ju",IF(F7="ju","vi",IF(F7="vi","S",IF(F7="S","D",IF(F7="D","lu",""))))))) -> ju | H7: =IF(G7="lu","ma",IF(G7="ma","mi",IF(G7="mi","ju",IF(G7="ju","vi",IF(G7="vi","S",IF(G7="S","D",IF(G7="D","lu",""))))))) -> vi | I7: =IF(H7="lu","ma",IF(H7="ma","mi",IF(H7="mi","ju",IF(H7="ju","vi",IF(H7="vi","S",IF(H7="S","D",IF(H7="D","lu",""))))))) -> S | J7: =IF(I7="lu","ma",IF(I7="ma","mi",IF(I7="mi","ju",IF(I7="ju","vi",IF(I7="vi","S",IF(I7="S","D",IF(I7="D","lu",""))))))) -> D | K7: =IF(J7="lu","ma",IF(J7="ma","mi",IF(J7="mi","ju",IF(J7="ju","vi",IF(J7="vi","S",IF(J7="S","D",IF(J7="D","lu",""))))))) -> lu | ... AD7: =IF(AC7="lu","ma",IF(AC7="ma","mi",IF(AC7="mi","ju",IF(AC7="ju","vi",IF(AC7="vi","S",IF(AC7="S","D",IF(AC7="D","lu",""))))))) -> S | AE7: =IF(AE8="","",IF(AD7="lu","ma",IF(AD7="ma","mi",IF(AD7="mi","ju",IF(AD7="ju","vi",IF(AD7="vi","S",IF(AD7="S","D",IF(AD7="D","lu","")))))))) | AF7: =IF(AF8="","",IF(AE7="lu","ma",IF(AE7="ma","mi",IF(AE7="mi","ju",IF(AE7="ju","vi",IF(AE7="vi","S",IF(AE7="S","D",IF(AE7="D","lu","")))))))) | AG7: =IF(AG8="","",IF(AF7="lu","ma",IF(AF7="ma","mi",IF(AF7="mi","ju",IF(AF7="ju","vi",IF(AF7="vi","S",IF(AF7="S","D",IF(AF7="D","lu",""))))))))
A8: VIGILANTE Nº | C8: 1 | D8: 2 | E8: 3 | F8: 4 | G8: 5 | H8: 6 | I8: 7 | J8: 8 | K8: 9 | L8: 10 | M8: 11 | N8: 12 | O8: 13 | P8: 14 | Q8: 15 | R8: 16 | S8: 17 | T8: 18 | U8: 19 | V8: 20 | W8: 21 | X8: 22 | Y8: 23 | Z8: 24 | AA8: 25 | AB8: 26 | AC8: 27 | AD8: 28 | AE8: =IF(CA59=28,"",IF(CA59=29,29,IF(CA59=30,29,IF(CA59=31,29,"")))) | AF8: =IF(CA59=28,"",IF(CA59=29,"",IF(CA59=30,30,IF(CA59=31,30,"")))) | AG8: =IF(CA59=28,"",IF(CA59=29,"",IF(CA59=30,"",IF(CA59=31,31,"")))) | AH8: HORAS | AI8: EXT | AJ8: FES | AK8: NOC | AL8: DV
A9: JAVI | C9: N1 | G9: N2 | H9: N2 | I9: N2 | J9: N2 | M9: N2 | N9: N2 | R9: N2 | S9: N2 | V9: N2 | W9: N2 | X9: N2 | AA9: N2 | AB9: N2 | AH9: =SUM(AH50:AH51) -> 168 | AI9: =AH9-C37 -> 6 | AJ9: =SUM(C55:AG55) -> 54 | AK9: =AK32 -> 112 | AL9: =SUM(C56:AG56) -> 0 | CB9: =ROUNDDOWN(AH9,0) -> 168 | CC9: =AH9-INT(AH9) -> 0 | CD9: =CC9/24 -> 0
A10: PAREDES | D10: N2 | E10: N2 | F10: N2 | K10: N2 | L10: N2 | O10: N2 | P10: N2 | Q10: N2 | T10: N2 | U10: N2 | Y10: N2 | Z10: N2 | AC10: N2 | AD10: N2 | AH10: =SUM(AH61:AH62) -> 168 | AI10: =AH10-C37 -> 6 | AJ10: =SUM(C66:AG66) -> 36 | AK10: =AK33 -> 112 | AL10: =SUM(C67:AG67) -> 0
A11: JUAN | C11: B | D11: B | E11: B | F11: B | G11: B | H11: B | I11: B | J11: B | K11: B | L11: B | M11: B | N11: B | O11: B | P11: B | Q11: B | R11: B | S11: B | T11: B | U11: B | V11: B | W11: B | X11: B | Y11: B | Z11: B | AA11: B | AB11: B | AC11: B | AD11: B | AH11: =SUM(AH72:AH73) -> 0 | AI11: =AH11-C37 -> -162 | AJ11: =SUM(C77:AG77) -> 0 | AK11: =AK34 -> 0 | AL11: =SUM(C78:AG78) -> 0
A12: MILOU | D12: D2 | E12: D2 | H12: D2 | I12: D2 | J12: D2 | M12: D2 | N12: D2 | R12: D2 | S12: D2 | V12: D2 | W12: D2 | X12: D2 | AA12: D2 | AB12: D2 | AH12: =SUM(AH83:AH84) -> 168 | AI12: =AH12-C37 -> 6 | AJ12: =SUM(C88:AG88) -> 48 | AK12: =AK35 -> 0 | AL12: =SUM(C89:AG89) -> 0
A13: X | AH13: =SUM(AH94:AH95) -> 0 | AI13: =AH13-C37 -> -162 | AJ13: =SUM(C99:AG99) -> 0 | AK13: =AK36 -> 0 | AL13: =SUM(C100:AG100) -> 0
A14: HIDALGO | D14: D1 | E14: D1 | H14: D1 | I14: D1 | J14: D1 | M14: D1 | N14: D1 | R14: D1 | S14: D1 | V14: D1 | W14: D1 | X14: D1 | AA14: D1 | AB14: D1 | AH14: =SUM(AH105:AH106) -> 168 | AI14: =AH14-C37 -> 6 | AJ14: =SUM(C110:AG110) -> 48 | AK14: =AK37 -> 0 | AL14: =SUM(C111:AG111) -> 0
A15: SAMUEL | C15: D2 | F15: D2 | G15: D2 | K15: D2 | L15: D2 | O15: D2 | P15: D2 | Q15: D2 | T15: D2 | U15: D2 | Y15: D2 | Z15: D2 | AC15: D2 | AD15: D2 | AH15: =SUM(AH116:AH117) -> 168 | AI15: =AH15-C37 -> 6 | AJ15: =SUM(C121:AG121) -> 48 | AK15: =AK38 -> 0 | AL15: =SUM(C122:AG122) -> 0
A16: PAREJO | AH16: =SUM(AH127:AH128) -> 0 | AI16: =AH16-C37 -> -162 | AJ16: =SUM(C132:AG132) -> 0 | AK16: =AK39 -> 0 | AL16: =SUM(C133:AG133) -> 0
A17: PEDREÑO | AH17: =SUM(AH138:AH139) -> 0 | AI17: =AH17-C37 -> -162 | AJ17: =SUM(C143:AG143) -> 0 | AK17: =AK40 -> 0 | AL17: =SUM(C144:AG144) -> 0
A18: ENRIQUE | C18: D1 | F18: D1 | G18: D1 | K18: D1 | L18: D1 | O18: D1 | P18: D1 | Q18: D1 | T18: D1 | U18: D1 | Y18: D1 | Z18: D1 | AC18: D1 | AD18: D1 | AH18: =SUM(AH149:AH150) -> 168 | AI18: =AH18-C37 -> 6 | AJ18: =SUM(C154:AG154) -> 48 | AK18: =AK41 -> 0 | AL18: =SUM(C155:AG155) -> 0
AH19: =SUM(AH160:AH161) -> 0 | AI19: =AH19-C37 -> -162 | AJ19: =SUM(C165:AG165) -> 0 | AK19: =AK42 -> 0 | AL19: =SUM(C166:AG166) -> 0
AH20: =SUM(AH171:AH172) -> 0 | AI20: =AH20-C37 -> -162 | AJ20: =SUM(C176:AG176) -> 0 | AK20: =AK43 -> 0 | AL20: =SUM(C177:AG177) -> 0
B21: SUMAS | C21: =SUM(C51+C62+C73+C84+C95+C106+C117+C128+C139+C150+C161+C172) -> 36 | D21: =SUM(D51+D62+D73+D84+D95+D106+D117+D128+D139+D150+D161+D172) -> 36 | E21: =SUM(E51+E62+E73+E84+E95+E106+E117+E128+E139+E150+E161+E172) -> 36 | F21: =SUM(F51+F62+F73+F84+F95+F106+F117+F128+F139+F150+F161+F172) -> 36 | G21: =SUM(G51+G62+G73+G84+G95+G106+G117+G128+G139+G150+G161+G172) -> 36 | H21: =SUM(H51+H62+H73+H84+H95+H106+H117+H128+H139+H150+H161+H172) -> 36 | I21: =SUM(I51+I62+I73+I84+I95+I106+I117+I128+I139+I150+I161+I172) -> 36 | J21: =SUM(J51+J62+J73+J84+J95+J106+J117+J128+J139+J150+J161+J172) -> 36 | ... AG21: =SUM(AG51+AG62+AG73+AG84+AG95+AG106+AG117+AG128+AG139+AG150+AG161+AG172) -> 0
C23: TURNOS | J23: TURNOS | Q23: JORNADA PARTIDA | AQ23: 5 < 10 el 5 es menor que 10
C24: =R32 -> D1 | D24: =S32 -> 0.25 | F24: A | G24: =V32 -> 0.75 | J24: =R35 -> N2 | K24: =S35 -> 0.79166667 | M24: A | N24: =V35 -> 0.29166667 | Q24: =R38 -> G | T24: A | Y24: A | AG24: X | AH24: FESTIVO | AQ24: 10 > 3 el 10 es mayor que 3
C25: =R33 -> N1 | D25: =S33 -> 0.75 | F25: A | G25: =V33 -> 0.25 | J25: =R36 -> N3 | K25: =S36 -> 0.91666667 | M25: A | N25: =V36 -> 0.25 | Q25: =R39 -> H | T25: A | Y25: A | AG25: V | AH25: VACACIONES | AQ25: 1 > 0 1 es mayor que cero
C26: =R34 -> D2 | D26: =S34 -> 0.29166667 | F26: A | G26: =V34 -> 0.79166667 | J26: =R37 -> F | K26: =S37 -> 0.20833333 | M26: A | N26: =V37 -> 0.25 | Q26: =R40 -> I | T26: A | Y26: A | AG26: PR | AH26: P. RETRIBUIDO | AQ26: -5 < 0 negativo 5 es menor que cero
B29: NOTAS: | C29: =E43 -> *Aquí notas que se vean en el cuadrante...
AN30: AN | AP30: AP | AQ30: AQ | AX30: AX | AZ30: AZ | BD30: b
A31: CONFIGURACION CUADRANTE | R31: TURNOS | AD31: CALCULAR MINUTOS | AK31: NOC | AN31: NOCTUR. | AO31: T. HORAS | AP31: ENTRADA | AQ31: SALIDA | AR31: CONDICIONES DE NOCTURNIDAD | BA31: SUMA HR. | BB31: CALCULO HORAS | BD31: NOCTURNIDAD
A32: EMPRESA | C32: =CONTROL!B34 -> EMPRESA | R32: D1 | S32: 0.25 | U32: A | V32: 0.75 | AD32: MINUTOS | AH32: 0.5 | AI32: =AH32/24 -> 0.020833333 | AK32: =AH49 -> 112 | AL32: V1 | AN32: =IF(AS32/24=0,0,AS32/24) -> 0 | AO32: =IF(BA32=0,"",BA32) -> 0.5 | AP32: =S32*24 -> 6 | AQ32: =V32*24 -> 18 | AR32: =AS32 -> 0 | AS32: =IF(AV32>=4,AT32,AT32) -> 0 | AT32: =IF(AV32>8,8,AU32) -> 0 | AU32: =IF(AV32<0,0,AV32) -> 0 | AV32: =IF(AP32=AQ32,0,IF(AP32>AQ32,AW32,IF(AP32>=6,AX32,AQ32-AP32))) -> -12 | AW32: =IF(AP32<6,(AQ32-22+24)+(6-AP32),IF(AP32>=22,AY32,IF(AV2<=6,(AQ32-22)+24,8))) -> 20 | AX32: =IF(AQ32>22,AZ32,IF(AP32<AQ32,AP32-AQ32,IF(AP32>6,0,(6-AP32)))) -> -12 | AY32: =IF(AQ32<=6,(AQ32-AP32)+24,IF(AQ32>22,8,(6-AP32)+24)) -> 24 | AZ32: =IF(AP32<=6,(6-AP32)+(AQ32-22),IF(AP32>22,(AQ32-AP32),(AQ32-22))) -> -4 | BA32: =IF(V32-S32>=0,V32-S32,V32-S32+24) -> 0.5 | BB32: =IF(AO32<1,AO32*24,(AO32-24)*24) -> 12 | BC32: =IF(BB32>=0,BB32,BB32+24) -> 12 | BD32: =IF(AX32<=0,AN32,IF(AX32>=0.1,AX32/24)) -> 0 | BE32: =IF(BD38>=4,IF(BD38="",0,8),IF(BD38>=0.1,IF(BD38="",0,BD38),""))
A33: CENTRO | C33: =CONTROL!B35 -> CENTRO | R33: N1 | S33: 0.75 | U33: A | V33: 0.25 | AK33: =AH60 -> 112 | AL33: V2 | AN33: =IF(AS33/24=0,0,AS33/24) -> 0.33333333 | AO33: =IF(BA33=0,"",BA33) -> 23.5 | AP33: =S33*24 -> 18 | AQ33: =V33*24 -> 6 | AR33: =AS33 -> 8 | AS33: =IF(AV33>=4,AT33,AT33) -> 8 | AT33: =IF(AV33>8,8,AU33) -> 8 | AU33: =IF(AV33<0,0,AV33) -> 8 | AV33: =IF(AP33=AQ33,0,IF(AP33>AQ33,AW33,IF(AP33>=6,AX33,AQ33-AP33))) -> 8 | AW33: =IF(AP33<6,(AQ33-22+24)+(6-AP33),IF(AP33>=22,AY33,IF(AV3<=6,(AQ33-22)+24,8))) -> 8 | AX33: =IF(AQ33>22,AZ33,IF(AP33<AQ33,AP33-AQ33,IF(AP33>6,0,(6-AP33)))) -> 0 | AY33: =IF(AQ33<=6,(AQ33-AP33)+24,IF(AQ33>22,8,(6-AP33)+24)) -> 12 | AZ33: =IF(AP33<=6,(6-AP33)+(AQ33-22),IF(AP33>22,(AQ33-AP33),(AQ33-22))) -> -16 | BA33: =IF(V33-S33>=0,V33-S33,V33-S33+24) -> 23.5 | BB33: =IF(AO33<1,AO33*24,(AO33-24)*24) -> -12 | BC33: =IF(BB33>=0,BB33,BB33+24) -> 12 | BD33: =IF(AX33<=0,AN33,IF(AX33>=0.1,AX33/24)) -> 0.33333333 | BE33: =IF(BD39>=4,IF(BD39="",0,8),IF(BD39>=0.1,IF(BD39="",0,BD39),""))
A34: AÑO | C34: 2026 | R34: D2 | S34: 0.29166667 | U34: A | V34: 0.79166667 | AK34: =AH71 -> 0 | AL34: V3 | AN34: =IF(AS34/24=0,0,AS34/24) -> 0 | AO34: =IF(BA34=0,"",BA34) -> 0.5 | AP34: =S34*24 -> 7 | AQ34: =V34*24 -> 19 | AR34: =AS34 -> 0 | AS34: =IF(AV34>=4,AT34,AT34) -> 0 | AT34: =IF(AV34>8,8,AU34) -> 0 | AU34: =IF(AV34<0,0,AV34) -> 0 | AV34: =IF(AP34=AQ34,0,IF(AP34>AQ34,AW34,IF(AP34>=6,AX34,AQ34-AP34))) -> -12 | AW34: =IF(AP34<6,(AQ34-22+24)+(6-AP34),IF(AP34>=22,AY34,IF(AV4<=6,(AQ34-22)+24,8))) -> 21 | AX34: =IF(AQ34>22,AZ34,IF(AP34<AQ34,AP34-AQ34,IF(AP34>6,0,(6-AP34)))) -> -12 | AY34: =IF(AQ34<=6,(AQ34-AP34)+24,IF(AQ34>22,8,(6-AP34)+24)) -> 23 | AZ34: =IF(AP34<=6,(6-AP34)+(AQ34-22),IF(AP34>22,(AQ34-AP34),(AQ34-22))) -> -3 | BA34: =IF(V34-S34>=0,V34-S34,V34-S34+24) -> 0.5 | BB34: =IF(AO34<1,AO34*24,(AO34-24)*24) -> 12 | BC34: =IF(BB34>=0,BB34,BB34+24) -> 12 | BD34: =IF(AX34<=0,AN34,IF(AX34>=0.1,AX34/24)) -> 0 | BE34: =IF(BD40>=4,IF(BD40="",0,8),IF(BD40>=0.1,IF(BD40="",0,BD40),""))
A35: MES | C35: 2 | R35: N2 | S35: 0.79166667 | U35: A | V35: 0.29166667 | AK35: =AH82 -> 0 | AL35: V4 | AN35: =IF(AS35/24=0,0,AS35/24) -> 0.33333333 | AO35: =IF(BA35=0,"",BA35) -> 23.5 | AP35: =S35*24 -> 19 | AQ35: =V35*24 -> 7 | AR35: =AS35 -> 8 | AS35: =IF(AV35>=4,AT35,AT35) -> 8 | AT35: =IF(AV35>8,8,AU35) -> 8 | AU35: =IF(AV35<0,0,AV35) -> 9 | AV35: =IF(AP35=AQ35,0,IF(AP35>AQ35,AW35,IF(AP35>=6,AX35,AQ35-AP35))) -> 9 | AW35: =IF(AP35<6,(AQ35-22+24)+(6-AP35),IF(AP35>=22,AY35,IF(AV5<=6,(AQ35-22)+24,8))) -> 9 | AX35: =IF(AQ35>22,AZ35,IF(AP35<AQ35,AP35-AQ35,IF(AP35>6,0,(6-AP35)))) -> 0 | AY35: =IF(AQ35<=6,(AQ35-AP35)+24,IF(AQ35>22,8,(6-AP35)+24)) -> 11 | AZ35: =IF(AP35<=6,(6-AP35)+(AQ35-22),IF(AP35>22,(AQ35-AP35),(AQ35-22))) -> -15 | BA35: =IF(V35-S35>=0,V35-S35,V35-S35+24) -> 23.5 | BB35: =IF(AO35<1,AO35*24,(AO35-24)*24) -> -12 | BC35: =IF(BB35>=0,BB35,BB35+24) -> 12 | BD35: =IF(AX35<=0,AN35,IF(AX35>=0.1,AX35/24)) -> 0.33333333
A36: VACACIONES | C36: 5.22 | R36: N3 | S36: 0.91666667 | U36: A | V36: 0.25 | AK36: =AH93 -> 0 | AL36: V5 | AN36: =IF(AS36/24=0,0,AS36/24) -> 0.33333333 | AO36: =IF(BA36=0,"",BA36) -> 23.333333 | AP36: =S36*24 -> 22 | AQ36: =V36*24 -> 6 | AR36: =AS36 -> 8 | AS36: =IF(AV36>=4,AT36,AT36) -> 8 | AT36: =IF(AV36>8,8,AU36) -> 8 | AU36: =IF(AV36<0,0,AV36) -> 8 | AV36: =IF(AP36=AQ36,0,IF(AP36>AQ36,AW36,IF(AP36>=6,AX36,AQ36-AP36))) -> 8 | AW36: =IF(AP36<6,(AQ36-22+24)+(6-AP36),IF(AP36>=22,AY36,IF(AV6<=6,(AQ36-22)+24,8))) -> 8 | AX36: =IF(AQ36>22,AZ36,IF(AP36<AQ36,AP36-AQ36,IF(AP36>6,0,(6-AP36)))) -> 0 | AY36: =IF(AQ36<=6,(AQ36-AP36)+24,IF(AQ36>22,8,(6-AP36)+24)) -> 8 | AZ36: =IF(AP36<=6,(6-AP36)+(AQ36-22),IF(AP36>22,(AQ36-AP36),(AQ36-22))) -> -16 | BA36: =IF(V36-S36>=0,V36-S36,V36-S36+24) -> 23.333333 | BB36: =IF(AO36<1,AO36*24,(AO36-24)*24) -> -16 | BC36: =IF(BB36>=0,BB36,BB36+24) -> 8 | BD36: =IF(AX36<=0,AN36,IF(AX36>=0.1,AX36/24)) -> 0.33333333
A37: JORNADA | C37: 162 | R37: =CONTROL!F40 -> F | S37: =CONTROL!G40 -> 0.20833333 | U37: A | V37: =CONTROL!H40 -> 0.25 | AK37: =AH104 -> 0 | AL37: V6 | AN37: =IF(AS37/24=0,0,AS37/24) -> 0.041666667 | AO37: =IF(BA37=0,"",BA37) -> 0.041666667 | AP37: =S37*24 -> 5 | AQ37: =V37*24 -> 6 | AR37: =AS37 -> 1 | AS37: =IF(AV37>=4,AT37,AT37) -> 1 | AT37: =IF(AV37>8,8,AU37) -> 1 | AU37: =IF(AV37<0,0,AV37) -> 1 | AV37: =IF(AP37=AQ37,0,IF(AP37>AQ37,AW37,IF(AP37>=6,AX37,AQ37-AP37))) -> 1 | AW37: =IF(AP37<6,(AQ37-22+24)+(6-AP37),IF(AP37>=22,AY37,IF(AV7<=6,(AQ37-22)+24,8))) -> 9 | AX37: =IF(AQ37>22,AZ37,IF(AP37<AQ37,AP37-AQ37,IF(AP37>6,0,(6-AP37)))) -> -1 | AY37: =IF(AQ37<=6,(AQ37-AP37)+24,IF(AQ37>22,8,(6-AP37)+24)) -> 25 | AZ37: =IF(AP37<=6,(6-AP37)+(AQ37-22),IF(AP37>22,(AQ37-AP37),(AQ37-22))) -> -15 | BA37: =IF(V37-S37>=0,V37-S37,V37-S37+24) -> 0.041666667 | BB37: =IF(AO37<1,AO37*24,(AO37-24)*24) -> 1 | BC37: =IF(BB37>=0,BB37,BB37+24) -> 1 | BD37: =IF(AX37<=0,AN37,IF(AX37>=0.1,AX37/24)) -> 0.041666667
A38: P. RETRIBUIDO | C38: 0 | R38: =CONTROL!F41 -> G | S38: =CONTROL!G41 -> 0.29166667 | U38: A | V38: =CONTROL!H41 -> 0.33333333 | AK38: =AH115 -> 0 | AL38: V7 | AN38: =IF(AS38/24=0,0,AS38/24) -> 0 | AO38: =IF(BA38=0,"",BA38) -> 0.041666667 | AP38: =S38*24 -> 7 | AQ38: =V38*24 -> 8 | AR38: =AS38 -> 0 | AS38: =IF(AV38>=4,AT38,AT38) -> 0 | AT38: =IF(AV38>8,8,AU38) -> 0 | AU38: =IF(AV38<0,0,AV38) -> 0 | AV38: =IF(AP38=AQ38,0,IF(AP38>AQ38,AW38,IF(AP38>=6,AX38,AQ38-AP38))) -> -1 | AW38: =IF(AP38<6,(AQ38-22+24)+(6-AP38),IF(AP38>=22,AY38,IF(AV8<=6,(AQ38-22)+24,8))) -> 10 | AX38: =IF(AQ38>22,AZ38,IF(AP38<AQ38,AP38-AQ38,IF(AP38>6,0,(6-AP38)))) -> -1 | AY38: =IF(AQ38<=6,(AQ38-AP38)+24,IF(AQ38>22,8,(6-AP38)+24)) -> 23 | AZ38: =IF(AP38<=6,(6-AP38)+(AQ38-22),IF(AP38>22,(AQ38-AP38),(AQ38-22))) -> -14 | BA38: =IF(V38-S38>=0,V38-S38,V38-S38+24) -> 0.041666667 | BB38: =IF(AO38<1,AO38*24,(AO38-24)*24) -> 1 | BC38: =IF(BB38>=0,BB38,BB38+24) -> 1 | BD38: =IF(AX38<=0,AN38,IF(AX38>=0.1,AX38/24)) -> 0
R39: =CONTROL!F42 -> H | S39: =CONTROL!G42 -> 0.33333333 | U39: A | V39: =CONTROL!H42 -> 0.375 | AK39: =AH126 -> 0 | AL39: V8 | AN39: =IF(AS39/24=0,0,AS39/24) -> 0 | AO39: =IF(BA39=0,"",BA39) -> 0.041666667 | AP39: =S39*24 -> 8 | AQ39: =V39*24 -> 9 | AR39: =AS39 -> 0 | AS39: =IF(AV39>=4,AT39,AT39) -> 0 | AT39: =IF(AV39>8,8,AU39) -> 0 | AU39: =IF(AV39<0,0,AV39) -> 0 | AV39: =IF(AP39=AQ39,0,IF(AP39>AQ39,AW39,IF(AP39>=6,AX39,AQ39-AP39))) -> -1 | AW39: =IF(AP39<6,(AQ39-22+24)+(6-AP39),IF(AP39>=22,AY39,IF(AV9<=6,(AQ39-22)+24,8))) -> 11 | AX39: =IF(AQ39>22,AZ39,IF(AP39<AQ39,AP39-AQ39,IF(AP39>6,0,(6-AP39)))) -> -1 | AY39: =IF(AQ39<=6,(AQ39-AP39)+24,IF(AQ39>22,8,(6-AP39)+24)) -> 22 | AZ39: =IF(AP39<=6,(6-AP39)+(AQ39-22),IF(AP39>22,(AQ39-AP39),(AQ39-22))) -> -13 | BA39: =IF(V39-S39>=0,V39-S39,V39-S39+24) -> 0.041666667 | BB39: =IF(AO39<1,AO39*24,(AO39-24)*24) -> 1 | BC39: =IF(BB39>=0,BB39,BB39+24) -> 1 | BD39: =IF(AX39<=0,AN39,IF(AX39>=0.1,AX39/24)) -> 0
R40: =CONTROL!F43 -> I | S40: =CONTROL!G43 -> 0.41666667 | U40: A | V40: =CONTROL!H43 -> 0.45833333 | AK40: =AH137 -> 0 | AL40: V9 | AN40: =IF(AS40/24=0,0,AS40/24) -> 0 | AO40: =IF(BA40=0,"",BA40) -> 0.041666667 | AP40: =S40*24+24 -> 34 | AQ40: =V40*24 -> 11 | AR40: =AS40 -> 0 | AS40: =IF(AV40>=4,AT40,AT40) -> 0 | AT40: =IF(AV40>8,8,AU40) -> 0 | AU40: =IF(AV40<0,0,AV40) -> 0 | AV40: =IF(AP40=AQ40,0,IF(AP40>AQ40,AW40,IF(AP40>=6,AX40,AQ40-AP40))) -> -4 | AW40: =IF(AP40<6,(AQ40-22+24)+(6-AP40),IF(AP40>=22,AY40,IF(AV10<=6,(AQ40-22)+24,8))) -> -4 | AX40: =IF(AQ40>22,AZ40,IF(AP40<AQ40,AP40-AQ40,IF(AP40>6,0,(6-AP40)))) -> 0 | AY40: =IF(AQ40<=6,(AQ40-AP40)+24,IF(AQ40>22,8,(6-AP40)+24)) -> -4 | AZ40: =IF(AP40<=6,(6-AP40)+(AQ40-22),IF(AP40>22,(AQ40-AP40),(AQ40-22))) -> -23 | BA40: =IF(V40-S40>=0,V40-S40,V40-S40+24) -> 0.041666667 | BB40: =IF(AO40<1,AO40*24,(AO40-24)*24) -> 1 | BC40: =IF(BB40>=0,BB40,BB40+24) -> 1 | BD40: =IF(AX40<=0,AN40,IF(AX40>=0.1,AX40/24)) -> 0
AK41: =AH148 -> 0 | AL41: V10 | AP41: =S41*24 -> 0 | AR41: 1 | AS41: 2 | AT41: 3 | AU41: 4 | AV41: 5 | AW41: 6 | AX41: 7 | AY41: 8 | AZ41: 9
C42: http://oscar.org.es | W42: =CONTROL!B38 -> OSCAR ORGEIRA © 20.03.00 EXCEL | AK42: =AH159 -> 0 | AL42: V11
C43: notas | E43: *Aquí notas que se vean en el cuadrante... | AK43: =AH170 -> 0 | AL43: V12
BE44: =INDEX({"do";"lu";"ma";"mi";"ju";"vi";"sa"},1+MOD($AR$47+4-2,7)) -> ju
B45: FEST. FINDE | C45: =IF(C7="S",IF(C7="",0,1),IF(C7="D",IF(C7="",0,1),"")) -> 1 | D45: =IF(D7="S",IF(D7="",0,1),IF(D7="D",IF(D7="",0,1),"")) | E45: =IF(E7="S",IF(E7="",0,1),IF(E7="D",IF(E7="",0,1),"")) | F45: =IF(F7="S",IF(F7="",0,1),IF(F7="D",IF(F7="",0,1),"")) | G45: =IF(G7="S",IF(G7="",0,1),IF(G7="D",IF(G7="",0,1),"")) | H45: =IF(H7="S",IF(H7="",0,1),IF(H7="D",IF(H7="",0,1),"")) | I45: =IF(I7="S",IF(I7="",0,1),IF(I7="D",IF(I7="",0,1),"")) -> 1 | J45: =IF(J7="S",IF(J7="",0,1),IF(J7="D",IF(J7="",0,1),"")) -> 1 | ... AH45: =IF(AH7="S",IF(AH7="",0,1),IF(AH7="D",IF(AH7="",0,1),"")) | AI45: SUMAS | BE45: =IF(MONTH($Q$4)<>MONTH($Q$4-(WEEKDAY($Q$4,1)-($AR$47-1))-IF((WEEKDAY($Q$4,1)-($AR$47-1))<=0,7,0)+(ROW(BE45)-ROW($AN$51))*7+(COLUMN(BE45)-COLUMN($AN$51)+1)),"",$Q$4-(WEEKDAY($Q$4,1)-($AR$47-1))-IF((WEEKDAY($Q$4,1)-($AR$47-1))<=0,7,0)+(ROW(BE45)-ROW($AN$51))*7+(COLUMN(BE45)-COLUMN($AN$51)+1))
A46: MARCADOR X | B46: FESTIVOS | C46: =IF(C6="X",IF(C6="",0,1),IF(C45=1,IF(C45="",0,1),"")) -> 1 | D46: =IF(D6="X",IF(D6="",0,1),IF(D45=1,IF(D45="",0,1),"")) | E46: =IF(E6="X",IF(E6="",0,1),IF(E45=1,IF(E45="",0,1),"")) | F46: =IF(F6="X",IF(F6="",0,1),IF(F45=1,IF(F45="",0,1),"")) | G46: =IF(G6="X",IF(G6="",0,1),IF(G45=1,IF(G45="",0,1),"")) | H46: =IF(H6="X",IF(H6="",0,1),IF(H45=1,IF(H45="",0,1),"")) | I46: =IF(I6="X",IF(I6="",0,1),IF(I45=1,IF(I45="",0,1),"")) -> 1 | J46: =IF(J6="X",IF(J6="",0,1),IF(J45=1,IF(J45="",0,1),"")) -> 1 | ... AG46: =IF(AG6="X",IF(AG6="",0,1),IF(AG45=1,IF(AG45="",0,1),"")) | AH46: =IF(AH6="X",IF(AH6="",0,1)) -> FALSE | AI46: =(AH32-AH33)*AL46 -> 4 | AK46: f | AL46: =SUM(C46:AG46) -> 8
A47: VS1 | B47: ENTRADA | C47: =IF(C9=$R32,$S32*24,IF(C9=$R33,$S33*24,IF(C9=$R34,$S34*24,IF(C9=$R35,$S35*24,IF(C9=$R36,$S36*24,IF(C9=$R37,$S37*24,IF(C9=$R38,$S38*24,IF(C9=$R39,$S39*24,IF(C9=$R40,$S40*24,""))))))))) -> 18 | D47: =IF(D9=$R32,$S32*24,IF(D9=$R33,$S33*24,IF(D9=$R34,$S34*24,IF(D9=$R35,$S35*24,IF(D9=$R36,$S36*24,IF(D9=$R37,$S37*24,IF(D9=$R38,$S38*24,IF(D9=$R39,$S39*24,IF(D9=$R40,$S40*24,""))))))))) | E47: =IF(E9=$R32,$S32*24,IF(E9=$R33,$S33*24,IF(E9=$R34,$S34*24,IF(E9=$R35,$S35*24,IF(E9=$R36,$S36*24,IF(E9=$R37,$S37*24,IF(E9=$R38,$S38*24,IF(E9=$R39,$S39*24,IF(E9=$R40,$S40*24,""))))))))) | F47: =IF(F9=$R32,$S32*24,IF(F9=$R33,$S33*24,IF(F9=$R34,$S34*24,IF(F9=$R35,$S35*24,IF(F9=$R36,$S36*24,IF(F9=$R37,$S37*24,IF(F9=$R38,$S38*24,IF(F9=$R39,$S39*24,IF(F9=$R40,$S40*24,""))))))))) | G47: =IF(G9=$R32,$S32*24,IF(G9=$R33,$S33*24,IF(G9=$R34,$S34*24,IF(G9=$R35,$S35*24,IF(G9=$R36,$S36*24,IF(G9=$R37,$S37*24,IF(G9=$R38,$S38*24,IF(G9=$R39,$S39*24,IF(G9=$R40,$S40*24,""))))))))) -> 19 | H47: =IF(H9=$R32,$S32*24,IF(H9=$R33,$S33*24,IF(H9=$R34,$S34*24,IF(H9=$R35,$S35*24,IF(H9=$R36,$S36*24,IF(H9=$R37,$S37*24,IF(H9=$R38,$S38*24,IF(H9=$R39,$S39*24,IF(H9=$R40,$S40*24,""))))))))) -> 19 | I47: =IF(I9=$R32,$S32*24,IF(I9=$R33,$S33*24,IF(I9=$R34,$S34*24,IF(I9=$R35,$S35*24,IF(I9=$R36,$S36*24,IF(I9=$R37,$S37*24,IF(I9=$R38,$S38*24,IF(I9=$R39,$S39*24,IF(I9=$R40,$S40*24,""))))))))) -> 19 | J47: =IF(J9=$R32,$S32*24,IF(J9=$R33,$S33*24,IF(J9=$R34,$S34*24,IF(J9=$R35,$S35*24,IF(J9=$R36,$S36*24,IF(J9=$R37,$S37*24,IF(J9=$R38,$S38*24,IF(J9=$R39,$S39*24,IF(J9=$R40,$S40*24,""))))))))) -> 19 | ... AG47: =IF(AG9=$R32,$S32*24,IF(AG9=$R33,$S33*24,IF(AG9=$R34,$S34*24,IF(AG9=$R35,$S35*24,IF(AG9=$R36,$S36*24,IF(AG9=$R37,$S37*24,IF(AG9=$R38,$S38*24,IF(AG9=$R39,$S39*24,IF(AG9=$R40,$S40*24,""))))))))) | AH47: X | AI47: =(CA59-AH46)*AH33 -> 0 | AK47: n | AN47: CALENDARIO | AQ47: d | AR47: 2 | AS47: 1 | AT47: =IF(AN53="lu","LUNES",IF(AN53="ma","MARTES",IF(AN53="mi","MIERCOLES",IF(AN53="ju","JUEVES",IF(AN53="vi","VIERNES",IF(AN53="sa","SABADO",IF(AN53="do","DOMINGO",IF(AO53="lu","LUNES",IF(AO53="ma","MARTES",IF(AO53="mi","MIERCOLES",IF(AO53="ju","JUEVES",IF(AO53="vi","VIERNES",IF(AO53="sa","SABADO",IF(AO53="do","DOMINGO",IF(AP53="lu","LUNES",IF(AP53="ma","MARTES",IF(AP53="mi","MIERCOLES",IF(AP53="ju","JUEVES",IF(AP53="vi","VIERNES",IF(AP53="sa","SABADO",IF(AP53="do","DOMINGO",IF(AQ53="lu","LUNES",IF(AQ53="ma","MARTES",IF(AQ53="mi","MIERCOLES",IF(AQ53="ju","JUEVES",IF(AQ53="vi","VIERNES",IF(AQ53="sa","SABADO",IF(AQ53="do","DOMINGO",IF(AR53="lu","LUNES",IF(AR53="ma","MARTES",IF(AR53="mi","MIERCOLES",IF(AR53="ju","JUEVES",IF(AR53="vi","VIERNES",IF(AR53="sa","SABADO",IF(AR53="do","DOMINGO",""))))))))))))))))))))))))))))))))))) | AU47: ds | AV47: =IF(AT47="LUNES","LUNES",IF(AT47="MARTES","MARTES",IF(AT47="MIERCOLES","MIERCOLES",IF(AT47="JUEVES","JUEVES",IF(AT47="VIERNES","VIERNES",IF(AT47="SABADO","SABADO",IF(AT47="DOMINGO","DOMINGO",IF(AT48="LUNES","LUNES",IF(AT48="MARTES","MARTES",IF(AT48="MIERCOLES","MIERCOLES",IF(AT48="JUEVES","JUEVES",IF(AT48="VIERNES","VIERNES",IF(AT48="SABADO","SABADO",IF(AT48="DOMINGO","DOMINGO","")))))))))))))) -> DOMINGO | AW47: 28 | AX47: =$AR$48+27 -> 46081 | AY47: 30 | AZ47: =$AR$48+29 -> 46083
A48: C09 | B48: SALIDA | C48: =IF(C9=$R32,$V32*24,IF(C9=$R33,$V33*24,IF(C9=$R34,$V34*24,IF(C9=$R35,$V35*24,IF(C9=$R36,$V36*24,IF(C9=$R37,$V37*24,IF(C9=$R38,$V38*24,IF(C9=$R39,$V39*24,IF(C9=$R40,$V40*24,""))))))))) -> 6 | D48: =IF(D9=$R32,$V32*24,IF(D9=$R33,$V33*24,IF(D9=$R34,$V34*24,IF(D9=$R35,$V35*24,IF(D9=$R36,$V36*24,IF(D9=$R37,$V37*24,IF(D9=$R38,$V38*24,IF(D9=$R39,$V39*24,IF(D9=$R40,$V40*24,""))))))))) | E48: =IF(E9=$R32,$V32*24,IF(E9=$R33,$V33*24,IF(E9=$R34,$V34*24,IF(E9=$R35,$V35*24,IF(E9=$R36,$V36*24,IF(E9=$R37,$V37*24,IF(E9=$R38,$V38*24,IF(E9=$R39,$V39*24,IF(E9=$R40,$V40*24,""))))))))) | F48: =IF(F9=$R32,$V32*24,IF(F9=$R33,$V33*24,IF(F9=$R34,$V34*24,IF(F9=$R35,$V35*24,IF(F9=$R36,$V36*24,IF(F9=$R37,$V37*24,IF(F9=$R38,$V38*24,IF(F9=$R39,$V39*24,IF(F9=$R40,$V40*24,""))))))))) | G48: =IF(G9=$R32,$V32*24,IF(G9=$R33,$V33*24,IF(G9=$R34,$V34*24,IF(G9=$R35,$V35*24,IF(G9=$R36,$V36*24,IF(G9=$R37,$V37*24,IF(G9=$R38,$V38*24,IF(G9=$R39,$V39*24,IF(G9=$R40,$V40*24,""))))))))) -> 7 | H48: =IF(H9=$R32,$V32*24,IF(H9=$R33,$V33*24,IF(H9=$R34,$V34*24,IF(H9=$R35,$V35*24,IF(H9=$R36,$V36*24,IF(H9=$R37,$V37*24,IF(H9=$R38,$V38*24,IF(H9=$R39,$V39*24,IF(H9=$R40,$V40*24,""))))))))) -> 7 | I48: =IF(I9=$R32,$V32*24,IF(I9=$R33,$V33*24,IF(I9=$R34,$V34*24,IF(I9=$R35,$V35*24,IF(I9=$R36,$V36*24,IF(I9=$R37,$V37*24,IF(I9=$R38,$V38*24,IF(I9=$R39,$V39*24,IF(I9=$R40,$V40*24,""))))))))) -> 7 | J48: =IF(J9=$R32,$V32*24,IF(J9=$R33,$V33*24,IF(J9=$R34,$V34*24,IF(J9=$R35,$V35*24,IF(J9=$R36,$V36*24,IF(J9=$R37,$V37*24,IF(J9=$R38,$V38*24,IF(J9=$R39,$V39*24,IF(J9=$R40,$V40*24,""))))))))) -> 7 | ... AG48: =IF(AG9=$R32,$V32*24,IF(AG9=$R33,$V33*24,IF(AG9=$R34,$V34*24,IF(AG9=$R35,$V35*24,IF(AG9=$R36,$V36*24,IF(AG9=$R37,$V37*24,IF(AG9=$R38,$V38*24,IF(AG9=$R39,$V39*24,IF(AG9=$R40,$V40*24,""))))))))) | AH48: X | AI48: =SUM(AI46:AI47) -> 4 | AK48: t | AQ48: dnº | AR48: =DATE($C$34,$C$35,1) -> 46054 | AS48: 2 | AT48: =IF(AS53="lu","LUNES",IF(AS53="ma","MARTES",IF(AS53="mi","MIERCOLES",IF(AS53="ju","JUEVES",IF(AS53="vi","VIERNES",IF(AS53="sa","SABADO",IF(AS53="do","DOMINGO",IF(AT53="lu","LUNES",IF(AT53="ma","MARTES",IF(AT53="mi","MIERCOLES",IF(AT53="ju","JUEVES",IF(AT53="vi","VIERNES",IF(AT53="sa","SABADO",IF(AT53="do","DOMINGO","")))))))))))))) -> DOMINGO | AW48: 29 | AX48: =$AR$48+28 -> 46082 | AY48: 31 | AZ48: =$AR$48+30 -> 46084
B49: NOCTURNIDAD | C49: =IF(C9=$R32,$BD32*24,IF(C9=$R33,$BD33*24,IF(C9=$R34,$BD34*24,IF(C9=$R35,$BD35*24,IF(C9=$R36,$BD36*24,IF(C9=$R37,$BD37*24,IF(C9=$R38,$BD38*24,IF(C9=$R39,$BD39*24,IF(C9=$R40,$BD40*24,""))))))))) -> 8 | D49: =IF(D9=$R32,$BD32*24,IF(D9=$R33,$BD33*24,IF(D9=$R34,$BD34*24,IF(D9=$R35,$BD35*24,IF(D9=$R36,$BD36*24,IF(D9=$R37,$BD37*24,IF(D9=$R38,$BD38*24,IF(D9=$R39,$BD39*24,IF(D9=$R40,$BD40*24,""))))))))) | E49: =IF(E9=$R32,$BD32*24,IF(E9=$R33,$BD33*24,IF(E9=$R34,$BD34*24,IF(E9=$R35,$BD35*24,IF(E9=$R36,$BD36*24,IF(E9=$R37,$BD37*24,IF(E9=$R38,$BD38*24,IF(E9=$R39,$BD39*24,IF(E9=$R40,$BD40*24,""))))))))) | F49: =IF(F9=$R32,$BD32*24,IF(F9=$R33,$BD33*24,IF(F9=$R34,$BD34*24,IF(F9=$R35,$BD35*24,IF(F9=$R36,$BD36*24,IF(F9=$R37,$BD37*24,IF(F9=$R38,$BD38*24,IF(F9=$R39,$BD39*24,IF(F9=$R40,$BD40*24,""))))))))) | G49: =IF(G9=$R32,$BD32*24,IF(G9=$R33,$BD33*24,IF(G9=$R34,$BD34*24,IF(G9=$R35,$BD35*24,IF(G9=$R36,$BD36*24,IF(G9=$R37,$BD37*24,IF(G9=$R38,$BD38*24,IF(G9=$R39,$BD39*24,IF(G9=$R40,$BD40*24,""))))))))) -> 8 | H49: =IF(H9=$R32,$BD32*24,IF(H9=$R33,$BD33*24,IF(H9=$R34,$BD34*24,IF(H9=$R35,$BD35*24,IF(H9=$R36,$BD36*24,IF(H9=$R37,$BD37*24,IF(H9=$R38,$BD38*24,IF(H9=$R39,$BD39*24,IF(H9=$R40,$BD40*24,""))))))))) -> 8 | I49: =IF(I9=$R32,$BD32*24,IF(I9=$R33,$BD33*24,IF(I9=$R34,$BD34*24,IF(I9=$R35,$BD35*24,IF(I9=$R36,$BD36*24,IF(I9=$R37,$BD37*24,IF(I9=$R38,$BD38*24,IF(I9=$R39,$BD39*24,IF(I9=$R40,$BD40*24,""))))))))) -> 8 | J49: =IF(J9=$R32,$BD32*24,IF(J9=$R33,$BD33*24,IF(J9=$R34,$BD34*24,IF(J9=$R35,$BD35*24,IF(J9=$R36,$BD36*24,IF(J9=$R37,$BD37*24,IF(J9=$R38,$BD38*24,IF(J9=$R39,$BD39*24,IF(J9=$R40,$BD40*24,""))))))))) -> 8 | ... AG49: =IF(AG9=$R32,$BD32*24,IF(AG9=$R33,$BD33*24,IF(AG9=$R34,$BD34*24,IF(AG9=$R35,$BD35*24,IF(AG9=$R36,$BD36*24,IF(AG9=$R37,$BD37*24,IF(AG9=$R38,$BD38*24,IF(AG9=$R39,$BD39*24,IF(AG9=$R40,$BD40*24,""))))))))) | AH49: =SUM(C49:AG49) -> 112 | AI49: =C37*AF36 -> 0 | AK49: j | AN49: =Q4 -> 46054
B50: VACACIONES | C50: =IF(C9="V",$C36,IF(C9="PR",$C38,0)) -> 0 | D50: =IF(D9="V",$C36,IF(D9="PR",$C38,0)) -> 0 | E50: =IF(E9="V",$C36,IF(E9="PR",$C38,0)) -> 0 | F50: =IF(F9="V",$C36,IF(F9="PR",$C38,0)) -> 0 | G50: =IF(G9="V",$C36,IF(G9="PR",$C38,0)) -> 0 | H50: =IF(H9="V",$C36,IF(H9="PR",$C38,0)) -> 0 | I50: =IF(I9="V",$C36,IF(I9="PR",$C38,0)) -> 0 | J50: =IF(J9="V",$C36,IF(J9="PR",$C38,0)) -> 0 | ... AG50: =IF(AG9="V",$C36,IF(AG9="PR",$C38,0)) -> 0 | AH50: =SUM(C50:AG50) -> 0 | AJ50: X | AN50: =INDEX({"do";"lu";"ma";"mi";"ju";"vi";"sa"},1+MOD($AR$47+1-2,7)) -> lu | AO50: =INDEX({"do";"lu";"ma";"mi";"ju";"vi";"sa"},1+MOD($AR$47+2-2,7)) -> ma | AP50: =INDEX({"do";"lu";"ma";"mi";"ju";"vi";"sa"},1+MOD($AR$47+3-2,7)) -> mi | AQ50: =INDEX({"do";"lu";"ma";"mi";"ju";"vi";"sa"},1+MOD($AR$47+4-2,7)) -> ju | AR50: =INDEX({"do";"lu";"ma";"mi";"ju";"vi";"sa"},1+MOD($AR$47+5-2,7)) -> vi | AS50: =INDEX({"do";"lu";"ma";"mi";"ju";"vi";"sa"},1+MOD($AR$47+6-2,7)) -> sa | AT50: =INDEX({"do";"lu";"ma";"mi";"ju";"vi";"sa"},1+MOD($AR$47+7-2,7)) -> do | AU50: =INDEX({"do";"lu";"ma";"mi";"ju";"vi";"sa"},1+MOD($AR$47+1-2,7)) -> lu | AV50: =INDEX({"do";"lu";"ma";"mi";"ju";"vi";"sa"},1+MOD($AR$47+2-2,7)) -> ma | AW50: =INDEX({"do";"lu";"ma";"mi";"ju";"vi";"sa"},1+MOD($AR$47+3-2,7)) -> mi | AX50: =INDEX({"do";"lu";"ma";"mi";"ju";"vi";"sa"},1+MOD($AR$47+4-2,7)) -> ju | AY50: =INDEX({"do";"lu";"ma";"mi";"ju";"vi";"sa"},1+MOD($AR$47+5-2,7)) -> vi | AZ50: =INDEX({"do";"lu";"ma";"mi";"ju";"vi";"sa"},1+MOD($AR$47+6-2,7)) -> sa | BA50: =INDEX({"do";"lu";"ma";"mi";"ju";"vi";"sa"},1+MOD($AR$47+7-2,7)) -> do | BB50: =INDEX({"do";"lu";"ma";"mi";"ju";"vi";"sa"},1+MOD($AR$47+1-2,7)) -> lu | BC50: =INDEX({"do";"lu";"ma";"mi";"ju";"vi";"sa"},1+MOD($AR$47+2-2,7)) -> ma | BD50: =INDEX({"do";"lu";"ma";"mi";"ju";"vi";"sa"},1+MOD($AR$47+3-2,7)) -> mi | BF50: =INDEX({"do";"lu";"ma";"mi";"ju";"vi";"sa"},1+MOD($AR$47+5-2,7)) -> vi | BG50: =INDEX({"do";"lu";"ma";"mi";"ju";"vi";"sa"},1+MOD($AR$47+6-2,7)) -> sa | BH50: =INDEX({"do";"lu";"ma";"mi";"ju";"vi";"sa"},1+MOD($AR$47+7-2,7)) -> do | BI50: =INDEX({"do";"lu";"ma";"mi";"ju";"vi";"sa"},1+MOD($AR$47+1-2,7)) -> lu | BJ50: =INDEX({"do";"lu";"ma";"mi";"ju";"vi";"sa"},1+MOD($AR$47+2-2,7)) -> ma | BK50: =INDEX({"do";"lu";"ma";"mi";"ju";"vi";"sa"},1+MOD($AR$47+3-2,7)) -> mi | BL50: =INDEX({"do";"lu";"ma";"mi";"ju";"vi";"sa"},1+MOD($AR$47+4-2,7)) -> ju | BM50: =INDEX({"do";"lu";"ma";"mi";"ju";"vi";"sa"},1+MOD($AR$47+5-2,7)) -> vi | BN50: =INDEX({"do";"lu";"ma";"mi";"ju";"vi";"sa"},1+MOD($AR$47+6-2,7)) -> sa | BO50: =INDEX({"do";"lu";"ma";"mi";"ju";"vi";"sa"},1+MOD($AR$47+7-2,7)) -> do | BP50: =INDEX({"do";"lu";"ma";"mi";"ju";"vi";"sa"},1+MOD($AR$47+1-2,7)) -> lu | BQ50: =INDEX({"do";"lu";"ma";"mi";"ju";"vi";"sa"},1+MOD($AR$47+2-2,7)) -> ma | BR50: =INDEX({"do";"lu";"ma";"mi";"ju";"vi";"sa"},1+MOD($AR$47+3-2,7)) -> mi | BS50: =INDEX({"do";"lu";"ma";"mi";"ju";"vi";"sa"},1+MOD($AR$47+4-2,7)) -> ju | BT50: =INDEX({"do";"lu";"ma";"mi";"ju";"vi";"sa"},1+MOD($AR$47+5-2,7)) -> vi | BU50: =INDEX({"do";"lu";"ma";"mi";"ju";"vi";"sa"},1+MOD($AR$47+6-2,7)) -> sa | BV50: =INDEX({"do";"lu";"ma";"mi";"ju";"vi";"sa"},1+MOD($AR$47+7-2,7)) -> do | BW50: =INDEX({"do";"lu";"ma";"mi";"ju";"vi";"sa"},1+MOD($AR$47+1-2,7)) -> lu | BX50: =INDEX({"do";"lu";"ma";"mi";"ju";"vi";"sa"},1+MOD($AR$47+2-2,7)) -> ma
A51: HORAS | B51: SUMA HORAS | C51: =IF(C9=$R32,$BC32,IF(C9=$R33,$BC33,IF(C9=$R34,$BC34,IF(C9=$R35,$BC35,IF(C9=$R36,$BC36,IF(C9=$R37,$BC37,IF(C9=$R38,$BC38,IF(C9=$R39,$BC39,IF(C9=$R40,$BC40,0))))))))) -> 12 | D51: =IF(D9=$R32,$BC32,IF(D9=$R33,$BC33,IF(D9=$R34,$BC34,IF(D9=$R35,$BC35,IF(D9=$R36,$BC36,IF(D9=$R37,$BC37,IF(D9=$R38,$BC38,IF(D9=$R39,$BC39,IF(D9=$R40,$BC40,0))))))))) -> 0 | E51: =IF(E9=$R32,$BC32,IF(E9=$R33,$BC33,IF(E9=$R34,$BC34,IF(E9=$R35,$BC35,IF(E9=$R36,$BC36,IF(E9=$R37,$BC37,IF(E9=$R38,$BC38,IF(E9=$R39,$BC39,IF(E9=$R40,$BC40,0))))))))) -> 0 | F51: =IF(F9=$R32,$BC32,IF(F9=$R33,$BC33,IF(F9=$R34,$BC34,IF(F9=$R35,$BC35,IF(F9=$R36,$BC36,IF(F9=$R37,$BC37,IF(F9=$R38,$BC38,IF(F9=$R39,$BC39,IF(F9=$R40,$BC40,0))))))))) -> 0 | G51: =IF(G9=$R32,$BC32,IF(G9=$R33,$BC33,IF(G9=$R34,$BC34,IF(G9=$R35,$BC35,IF(G9=$R36,$BC36,IF(G9=$R37,$BC37,IF(G9=$R38,$BC38,IF(G9=$R39,$BC39,IF(G9=$R40,$BC40,0))))))))) -> 12 | H51: =IF(H9=$R32,$BC32,IF(H9=$R33,$BC33,IF(H9=$R34,$BC34,IF(H9=$R35,$BC35,IF(H9=$R36,$BC36,IF(H9=$R37,$BC37,IF(H9=$R38,$BC38,IF(H9=$R39,$BC39,IF(H9=$R40,$BC40,0))))))))) -> 12 | I51: =IF(I9=$R32,$BC32,IF(I9=$R33,$BC33,IF(I9=$R34,$BC34,IF(I9=$R35,$BC35,IF(I9=$R36,$BC36,IF(I9=$R37,$BC37,IF(I9=$R38,$BC38,IF(I9=$R39,$BC39,IF(I9=$R40,$BC40,0))))))))) -> 12 | J51: =IF(J9=$R32,$BC32,IF(J9=$R33,$BC33,IF(J9=$R34,$BC34,IF(J9=$R35,$BC35,IF(J9=$R36,$BC36,IF(J9=$R37,$BC37,IF(J9=$R38,$BC38,IF(J9=$R39,$BC39,IF(J9=$R40,$BC40,0))))))))) -> 12 | ... AG51: =IF(AG9=$R32,$BC32,IF(AG9=$R33,$BC33,IF(AG9=$R34,$BC34,IF(AG9=$R35,$BC35,IF(AG9=$R36,$BC36,IF(AG9=$R37,$BC37,IF(AG9=$R38,$BC38,IF(AG9=$R39,$BC39,IF(AG9=$R40,$BC40,0))))))))) -> 0 | AH51: =SUM(C51:AG51) -> 168 | AJ51: h | AK51: X | AN51: =IF(MONTH($Q$4)<>MONTH($Q$4-(WEEKDAY($Q$4,1)-($AR$47-1))-IF((WEEKDAY($Q$4,1)-($AR$47-1))<=0,7,0)+(ROW(AN51)-ROW($AN$51))*7+(COLUMN(AN51)-COLUMN($AN$51)+1)),"",$Q$4-(WEEKDAY($Q$4,1)-($AR$47-1))-IF((WEEKDAY($Q$4,1)-($AR$47-1))<=0,7,0)+(ROW(AN51)-ROW($AN$51))*7+(COLUMN(AN51)-COLUMN($AN$51)+1)) | AO51: =IF(MONTH($Q$4)<>MONTH($Q$4-(WEEKDAY($Q$4,1)-($AR$47-1))-IF((WEEKDAY($Q$4,1)-($AR$47-1))<=0,7,0)+(ROW(AO51)-ROW($AN$51))*7+(COLUMN(AO51)-COLUMN($AN$51)+1)),"",$Q$4-(WEEKDAY($Q$4,1)-($AR$47-1))-IF((WEEKDAY($Q$4,1)-($AR$47-1))<=0,7,0)+(ROW(AO51)-ROW($AN$51))*7+(COLUMN(AO51)-COLUMN($AN$51)+1)) | AP51: =IF(MONTH($Q$4)<>MONTH($Q$4-(WEEKDAY($Q$4,1)-($AR$47-1))-IF((WEEKDAY($Q$4,1)-($AR$47-1))<=0,7,0)+(ROW(AP51)-ROW($AN$51))*7+(COLUMN(AP51)-COLUMN($AN$51)+1)),"",$Q$4-(WEEKDAY($Q$4,1)-($AR$47-1))-IF((WEEKDAY($Q$4,1)-($AR$47-1))<=0,7,0)+(ROW(AP51)-ROW($AN$51))*7+(COLUMN(AP51)-COLUMN($AN$51)+1)) | AQ51: =IF(MONTH($Q$4)<>MONTH($Q$4-(WEEKDAY($Q$4,1)-($AR$47-1))-IF((WEEKDAY($Q$4,1)-($AR$47-1))<=0,7,0)+(ROW(AQ51)-ROW($AN$51))*7+(COLUMN(AQ51)-COLUMN($AN$51)+1)),"",$Q$4-(WEEKDAY($Q$4,1)-($AR$47-1))-IF((WEEKDAY($Q$4,1)-($AR$47-1))<=0,7,0)+(ROW(AQ51)-ROW($AN$51))*7+(COLUMN(AQ51)-COLUMN($AN$51)+1)) | AR51: =IF(MONTH($Q$4)<>MONTH($Q$4-(WEEKDAY($Q$4,1)-($AR$47-1))-IF((WEEKDAY($Q$4,1)-($AR$47-1))<=0,7,0)+(ROW(AR51)-ROW($AN$51))*7+(COLUMN(AR51)-COLUMN($AN$51)+1)),"",$Q$4-(WEEKDAY($Q$4,1)-($AR$47-1))-IF((WEEKDAY($Q$4,1)-($AR$47-1))<=0,7,0)+(ROW(AR51)-ROW($AN$51))*7+(COLUMN(AR51)-COLUMN($AN$51)+1)) | AS51: =IF(MONTH($Q$4)<>MONTH($Q$4-(WEEKDAY($Q$4,1)-($AR$47-1))-IF((WEEKDAY($Q$4,1)-($AR$47-1))<=0,7,0)+(ROW(AS51)-ROW($AN$51))*7+(COLUMN(AS51)-COLUMN($AN$51)+1)),"",$Q$4-(WEEKDAY($Q$4,1)-($AR$47-1))-IF((WEEKDAY($Q$4,1)-($AR$47-1))<=0,7,0)+(ROW(AS51)-ROW($AN$51))*7+(COLUMN(AS51)-COLUMN($AN$51)+1)) | AT51: =IF(MONTH($Q$4)<>MONTH($Q$4-(WEEKDAY($Q$4,1)-($AR$47-1))-IF((WEEKDAY($Q$4,1)-($AR$47-1))<=0,7,0)+(ROW(AT51)-ROW($AN$51))*7+(COLUMN(AT51)-COLUMN($AN$51)+1)),"",$Q$4-(WEEKDAY($Q$4,1)-($AR$47-1))-IF((WEEKDAY($Q$4,1)-($AR$47-1))<=0,7,0)+(ROW(AT51)-ROW($AN$51))*7+(COLUMN(AT51)-COLUMN($AN$51)+1)) -> 46054 | AU51: =IF(MONTH($Q$4)<>MONTH($Q$4-(WEEKDAY($Q$4,1)-($AR$47-1))-IF((WEEKDAY($Q$4,1)-($AR$47-1))<=0,7,0)+(ROW(AU51)-ROW($AN$51))*7+(COLUMN(AU51)-COLUMN($AN$51)+1)),"",$Q$4-(WEEKDAY($Q$4,1)-($AR$47-1))-IF((WEEKDAY($Q$4,1)-($AR$47-1))<=0,7,0)+(ROW(AU51)-ROW($AN$51))*7+(COLUMN(AU51)-COLUMN($AN$51)+1)) -> 46055 | ... BD51: =IF(MONTH($Q$4)<>MONTH($Q$4-(WEEKDAY($Q$4,1)-($AR$47-1))-IF((WEEKDAY($Q$4,1)-($AR$47-1))<=0,7,0)+(ROW(BD51)-ROW($AN$51))*7+(COLUMN(BD51)-COLUMN($AN$51)+1)),"",$Q$4-(WEEKDAY($Q$4,1)-($AR$47-1))-IF((WEEKDAY($Q$4,1)-($AR$47-1))<=0,7,0)+(ROW(BD51)-ROW($AN$51))*7+(COLUMN(BD51)-COLUMN($AN$51)+1)) -> 46064 | BF51: =IF(MONTH($Q$4)<>MONTH($Q$4-(WEEKDAY($Q$4,1)-($AR$47-1))-IF((WEEKDAY($Q$4,1)-($AR$47-1))<=0,7,0)+(ROW(BF51)-ROW($AN$51))*7+(COLUMN(BF51)-COLUMN($AN$51)+1)),"",$Q$4-(WEEKDAY($Q$4,1)-($AR$47-1))-IF((WEEKDAY($Q$4,1)-($AR$47-1))<=0,7,0)+(ROW(BF51)-ROW($AN$51))*7+(COLUMN(BF51)-COLUMN($AN$51)+1)) -> 46066 | BG51: =IF(MONTH($Q$4)<>MONTH($Q$4-(WEEKDAY($Q$4,1)-($AR$47-1))-IF((WEEKDAY($Q$4,1)-($AR$47-1))<=0,7,0)+(ROW(BG51)-ROW($AN$51))*7+(COLUMN(BG51)-COLUMN($AN$51)+1)),"",$Q$4-(WEEKDAY($Q$4,1)-($AR$47-1))-IF((WEEKDAY($Q$4,1)-($AR$47-1))<=0,7,0)+(ROW(BG51)-ROW($AN$51))*7+(COLUMN(BG51)-COLUMN($AN$51)+1)) -> 46067 | BH51: =IF(MONTH($Q$4)<>MONTH($Q$4-(WEEKDAY($Q$4,1)-($AR$47-1))-IF((WEEKDAY($Q$4,1)-($AR$47-1))<=0,7,0)+(ROW(BH51)-ROW($AN$51))*7+(COLUMN(BH51)-COLUMN($AN$51)+1)),"",$Q$4-(WEEKDAY($Q$4,1)-($AR$47-1))-IF((WEEKDAY($Q$4,1)-($AR$47-1))<=0,7,0)+(ROW(BH51)-ROW($AN$51))*7+(COLUMN(BH51)-COLUMN($AN$51)+1)) -> 46068 | BI51: =IF(MONTH($Q$4)<>MONTH($Q$4-(WEEKDAY($Q$4,1)-($AR$47-1))-IF((WEEKDAY($Q$4,1)-($AR$47-1))<=0,7,0)+(ROW(BI51)-ROW($AN$51))*7+(COLUMN(BI51)-COLUMN($AN$51)+1)),"",$Q$4-(WEEKDAY($Q$4,1)-($AR$47-1))-IF((WEEKDAY($Q$4,1)-($AR$47-1))<=0,7,0)+(ROW(BI51)-ROW($AN$51))*7+(COLUMN(BI51)-COLUMN($AN$51)+1)) -> 46069 | BJ51: =IF(MONTH($Q$4)<>MONTH($Q$4-(WEEKDAY($Q$4,1)-($AR$47-1))-IF((WEEKDAY($Q$4,1)-($AR$47-1))<=0,7,0)+(ROW(BJ51)-ROW($AN$51))*7+(COLUMN(BJ51)-COLUMN($AN$51)+1)),"",$Q$4-(WEEKDAY($Q$4,1)-($AR$47-1))-IF((WEEKDAY($Q$4,1)-($AR$47-1))<=0,7,0)+(ROW(BJ51)-ROW($AN$51))*7+(COLUMN(BJ51)-COLUMN($AN$51)+1)) -> 46070 | BK51: =IF(MONTH($Q$4)<>MONTH($Q$4-(WEEKDAY($Q$4,1)-($AR$47-1))-IF((WEEKDAY($Q$4,1)-($AR$47-1))<=0,7,0)+(ROW(BK51)-ROW($AN$51))*7+(COLUMN(BK51)-COLUMN($AN$51)+1)),"",$Q$4-(WEEKDAY($Q$4,1)-($AR$47-1))-IF((WEEKDAY($Q$4,1)-($AR$47-1))<=0,7,0)+(ROW(BK51)-ROW($AN$51))*7+(COLUMN(BK51)-COLUMN($AN$51)+1)) -> 46071 | BL51: =IF(MONTH($Q$4)<>MONTH($Q$4-(WEEKDAY($Q$4,1)-($AR$47-1))-IF((WEEKDAY($Q$4,1)-($AR$47-1))<=0,7,0)+(ROW(BL51)-ROW($AN$51))*7+(COLUMN(BL51)-COLUMN($AN$51)+1)),"",$Q$4-(WEEKDAY($Q$4,1)-($AR$47-1))-IF((WEEKDAY($Q$4,1)-($AR$47-1))<=0,7,0)+(ROW(BL51)-ROW($AN$51))*7+(COLUMN(BL51)-COLUMN($AN$51)+1)) -> 46072 | BM51: =IF(MONTH($Q$4)<>MONTH($Q$4-(WEEKDAY($Q$4,1)-($AR$47-1))-IF((WEEKDAY($Q$4,1)-($AR$47-1))<=0,7,0)+(ROW(BM51)-ROW($AN$51))*7+(COLUMN(BM51)-COLUMN($AN$51)+1)),"",$Q$4-(WEEKDAY($Q$4,1)-($AR$47-1))-IF((WEEKDAY($Q$4,1)-($AR$47-1))<=0,7,0)+(ROW(BM51)-ROW($AN$51))*7+(COLUMN(BM51)-COLUMN($AN$51)+1)) -> 46073 | ... BX51: =IF(MONTH($Q$4)<>MONTH($Q$4-(WEEKDAY($Q$4,1)-($AR$47-1))-IF((WEEKDAY($Q$4,1)-($AR$47-1))<=0,7,0)+(ROW(BX51)-ROW($AN$51))*7+(COLUMN(BX51)-COLUMN($AN$51)+1)),"",$Q$4-(WEEKDAY($Q$4,1)-($AR$47-1))-IF((WEEKDAY($Q$4,1)-($AR$47-1))<=0,7,0)+(ROW(BX51)-ROW($AN$51))*7+(COLUMN(BX51)-COLUMN($AN$51)+1))
A52: FESTIVOS | B52: DIA | C52: =IF(C46=1,IF(C47<C48,C51,0)) -> 0 | D52: =IF(D46=1,IF(D47<D48,D51,0)) -> FALSE | E52: =IF(E46=1,IF(E47<E48,E51,0)) -> FALSE | F52: =IF(F46=1,IF(F47<F48,F51,0)) -> FALSE | G52: =IF(G46=1,IF(G47<G48,G51,0)) -> FALSE | H52: =IF(H46=1,IF(H47<H48,H51,0)) -> FALSE | I52: =IF(I46=1,IF(I47<I48,I51,0)) -> 0 | J52: =IF(J46=1,IF(J47<J48,J51,0)) -> 0 | ... AG52: =IF(AG46=1,IF(AG47<AG48,AG51,0)) -> FALSE | AH52: X | AN52: =IF(AN51=$AR$48,IF(AN51="",0,1),"") | AO52: =IF(AO51=$AR$48,IF(AO51="",0,1),"") | AP52: =IF(AP51=$AR$48,IF(AP51="",0,1),"") | AQ52: =IF(AQ51=$AR$48,IF(AQ51="",0,1),"") | AR52: =IF(AR51=$AR$48,IF(AR51="",0,1),"") | AS52: =IF(AS51=$AR$48,IF(AS51="",0,1),"") | AT52: =IF(AT51=$AR$48,IF(AT51="",0,1),"") -> 1 | BO52: =BO51 -> 46075 | BP52: =BP51 -> 46076 | BQ52: =BQ51 -> 46077 | BR52: =BR51 -> 46078 | BS52: =BS51 -> 46079 | BT52: =BT51 -> 46080 | BU52: =BU51 -> 46081 | BV52: =BV51 | ... BX52: =BX51
B53: NOCHE 1 | C53: =IF(C46=1,IF(C47>C48,24-C47,0),0) -> 6 | D53: =IF(D46=1,IF(D47>D48,24-D47,0),0) -> 0 | E53: =IF(E46=1,IF(E47>E48,24-E47,0),0) -> 0 | F53: =IF(F46=1,IF(F47>F48,24-F47,0),0) -> 0 | G53: =IF(G46=1,IF(G47>G48,24-G47,0),0) -> 0 | H53: =IF(H46=1,IF(H47>H48,24-H47,0),0) -> 0 | I53: =IF(I46=1,IF(I47>I48,24-I47,0),0) -> 5 | J53: =IF(J46=1,IF(J47>J48,24-J47,0),0) -> 5 | ... AG53: =IF(AG46=1,IF(AG47>AG48,24-AG47,0),0) -> 0 | AH53: X | AN53: =IF(AN52=1,IF(AN52="",0,AN50),"") | AO53: =IF(AO52=1,IF(AO52="",0,AO50),"") | AP53: =IF(AP52=1,IF(AP52="",0,AP50),"") | AQ53: =IF(AQ52=1,IF(AQ52="",0,AQ50),"") | AR53: =IF(AR52=1,IF(AR52="",0,AR50),"") | AS53: =IF(AS52=1,IF(AS52="",0,AS50),"") | AT53: =IF(AT52=1,IF(AT52="",0,AT50),"") -> do | BO53: =IF(BO52=$AR$48+30,IF(BO52="",0,1),IF(BO52=$AR$48+29,IF(BO52="",0,1),IF(BO52=$AR$48+28,IF(BO52="",0,1),IF(BO52=$AR$48+27,IF(BO52="",0,1),"")))) | BP53: =IF(BP52=$AR$48+30,IF(BP52="",0,1),IF(BP52=$AR$48+29,IF(BP52="",0,1),IF(BP52=$AR$48+28,IF(BP52="",0,1),IF(BP52=$AR$48+27,IF(BP52="",0,1),"")))) | BQ53: =IF(BQ52=$AR$48+30,IF(BQ52="",0,1),IF(BQ52=$AR$48+29,IF(BQ52="",0,1),IF(BQ52=$AR$48+28,IF(BQ52="",0,1),IF(BQ52=$AR$48+27,IF(BQ52="",0,1),"")))) | BR53: =IF(BR52=$AR$48+30,IF(BR52="",0,1),IF(BR52=$AR$48+29,IF(BR52="",0,1),IF(BR52=$AR$48+28,IF(BR52="",0,1),IF(BR52=$AR$48+27,IF(BR52="",0,1),"")))) | BS53: =IF(BS52=$AR$48+30,IF(BS52="",0,1),IF(BS52=$AR$48+29,IF(BS52="",0,1),IF(BS52=$AR$48+28,IF(BS52="",0,1),IF(BS52=$AR$48+27,IF(BS52="",0,1),"")))) | BT53: =IF(BT52=$AR$48+30,IF(BT52="",0,1),IF(BT52=$AR$48+29,IF(BT52="",0,1),IF(BT52=$AR$48+28,IF(BT52="",0,1),IF(BT52=$AR$48+27,IF(BT52="",0,1),"")))) | BU53: =IF(BU52=$AR$48+30,IF(BU52="",0,1),IF(BU52=$AR$48+29,IF(BU52="",0,1),IF(BU52=$AR$48+28,IF(BU52="",0,1),IF(BU52=$AR$48+27,IF(BU52="",0,1),"")))) -> 1 | BV53: =IF(BV52=$AR$48+30,IF(BV52="",0,1),IF(BV52=$AR$48+29,IF(BV52="",0,1),IF(BV52=$AR$48+28,IF(BV52="",0,1),IF(BV52=$AR$48+27,IF(BV52="",0,1),"")))) | ... BX53: =IF(BX52=$AR$48+30,IF(BX52="",0,1),IF(BX52=$AR$48+29,IF(BX52="",0,1),IF(BX52=$AR$48+28,IF(BX52="",0,1),IF(BX52=$AR$48+27,IF(BX52="",0,1),""))))
B54: NOCHE 2 | C54: =IF(D46=1,IF(C47>C48,C48,0),0) -> 0 | D54: =IF(E46=1,IF(D47>D48,D48,0),0) -> 0 | E54: =IF(F46=1,IF(E47>E48,E48,0),0) -> 0 | F54: =IF(G46=1,IF(F47>F48,F48,0),0) -> 0 | G54: =IF(H46=1,IF(G47>G48,G48,0),0) -> 0 | H54: =IF(I46=1,IF(H47>H48,H48,0),0) -> 7 | I54: =IF(J46=1,IF(I47>I48,I48,0),0) -> 7 | J54: =IF(K46=1,IF(J47>J48,J48,0),0) -> 0 | ... AG54: =IF(AH46=1,IF(AG47>AG48,AG48,0),0) -> 0 | AH54: X | BO54: =IF(BO53=1,IF(BO53="",0,BO52),"") | BP54: =IF(BP53=1,IF(BP53="",0,BP52),"") | BQ54: =IF(BQ53=1,IF(BQ53="",0,BQ52),"") | BR54: =IF(BR53=1,IF(BR53="",0,BR52),"") | BS54: =IF(BS53=1,IF(BS53="",0,BS52),"") | BT54: =IF(BT53=1,IF(BT53="",0,BT52),"") | BU54: =IF(BU53=1,IF(BU53="",0,BU52),"") -> 46081 | BV54: =IF(BV53=1,IF(BV53="",0,BV52),"") | ... BX54: =IF(BX53=1,IF(BX53="",0,BX52),"") | BZ54: DIAS
B55: SUMA FESTIVOS | C55: =SUM(C52:C54) -> 6 | D55: =SUM(D52:D54) -> 0 | E55: =SUM(E52:E54) -> 0 | F55: =SUM(F52:F54) -> 0 | G55: =SUM(G52:G54) -> 0 | H55: =SUM(H52:H54) -> 7 | I55: =SUM(I52:I54) -> 12 | J55: =SUM(J52:J54) -> 5 | ... AG55: =SUM(AG52:AG54) -> 0 | AH55: X | BO55: =IF(BO54=$AZ48,IF(BO54="",0,$AZ48),"") | BP55: =IF(BP54=$AZ48,IF(BP54="",0,$AZ48),"") | BQ55: =IF(BQ54=$AZ48,IF(BQ54="",0,$AZ48),"") | BR55: =IF(BR54=$AZ48,IF(BR54="",0,$AZ48),"") | BS55: =IF(BS54=$AZ48,IF(BS54="",0,$AZ48),"") | BT55: =IF(BT54=$AZ48,IF(BT54="",0,$AZ48),"") | BU55: =IF(BU54=$AZ48,IF(BU54="",0,$AZ48),"") | BV55: =IF(BV54=$AZ48,IF(BV54="",0,$AZ48),"") | ... BX55: =IF(BX54=$AZ48,IF(BX54="",0,$AZ48),"") | BY55: =SUM(BO55:BX55) -> 0 | BZ55: =IF(BY55=$AZ$48,IF(BY55="",0,31),IF(BY55=$AZ$47,IF(BY55="",0,30),IF(BY55=$AX$48,IF(BY55="",0,29),IF(BY55=$AX$47,IF(BY55="",0,28))))) -> FALSE | CA55: 31
B56: SUMA VACACIONES | C56: =IF(C9="V",IF(C9="",0,1),0) -> 0 | D56: =IF(D9="V",IF(D9="",0,1),0) -> 0 | E56: =IF(E9="V",IF(E9="",0,1),0) -> 0 | F56: =IF(F9="V",IF(F9="",0,1),0) -> 0 | G56: =IF(G9="V",IF(G9="",0,1),0) -> 0 | H56: =IF(H9="V",IF(H9="",0,1),0) -> 0 | I56: =IF(I9="V",IF(I9="",0,1),0) -> 0 | J56: =IF(J9="V",IF(J9="",0,1),0) -> 0 | ... AG56: =IF(AG9="V",IF(AG9="",0,1),0) -> 0 | AH56: X | BO56: =IF(BO54=$AZ47,IF(BO54="",0,$AZ47),"") | BP56: =IF(BP54=$AZ47,IF(BP54="",0,$AZ47),"") | BQ56: =IF(BQ54=$AZ47,IF(BQ54="",0,$AZ47),"") | BR56: =IF(BR54=$AZ47,IF(BR54="",0,$AZ47),"") | BS56: =IF(BS54=$AZ47,IF(BS54="",0,$AZ47),"") | BT56: =IF(BT54=$AZ47,IF(BT54="",0,$AZ47),"") | BU56: =IF(BU54=$AZ47,IF(BU54="",0,$AZ47),"") | BV56: =IF(BV54=$AZ47,IF(BV54="",0,$AZ47),"") | ... BX56: =IF(BX54=$AZ47,IF(BX54="",0,$AZ47),"") | BY56: =SUM(BO56:BX56) -> 0 | BZ56: =IF(BY56=$AZ$48,IF(BY56="",0,31),IF(BY56=$AZ$47,IF(BY56="",0,30),IF(BY56=$AX$48,IF(BY56="",0,29),IF(BY56=$AX$47,IF(BY56="",0,28))))) -> FALSE | CA56: 30
B57: PR | C57: =IF(C9="PR",IF(C9="",0,1),0) -> 0 | D57: =IF(D9="PR",IF(D9="",0,1),0) -> 0 | E57: =IF(E9="PR",IF(E9="",0,1),0) -> 0 | F57: =IF(F9="PR",IF(F9="",0,1),0) -> 0 | G57: =IF(G9="PR",IF(G9="",0,1),0) -> 0 | H57: =IF(H9="PR",IF(H9="",0,1),0) -> 0 | I57: =IF(I9="PR",IF(I9="",0,1),0) -> 0 | J57: =IF(J9="PR",IF(J9="",0,1),0) -> 0 | ... AG57: =IF(AG9="PR",IF(AG9="",0,1),0) -> 0 | AH57: =SUM(C57:AG57) -> 0 | AJ57: pr | BO57: =IF(BO54=$AX48,IF(BO54="",0,$AX48),"") | BP57: =IF(BP54=$AX48,IF(BP54="",0,$AX48),"") | BQ57: =IF(BQ54=$AX48,IF(BQ54="",0,$AX48),"") | BR57: =IF(BR54=$AX48,IF(BR54="",0,$AX48),"") | BS57: =IF(BS54=$AX48,IF(BS54="",0,$AX48),"") | BT57: =IF(BT54=$AX48,IF(BT54="",0,$AX48),"") | BU57: =IF(BU54=$AX48,IF(BU54="",0,$AX48),"") | BV57: =IF(BV54=$AX48,IF(BV54="",0,$AX48),"") | ... BX57: =IF(BX54=$AX48,IF(BX54="",0,$AX48),"") | BY57: =SUM(BO57:BX57) -> 0 | BZ57: =IF(BY57=$AZ$48,IF(BY57="",0,31),IF(BY57=$AZ$47,IF(BY57="",0,30),IF(BY57=$AX$48,IF(BY57="",0,29),IF(BY57=$AX$47,IF(BY57="",0,28))))) -> FALSE | CA57: 29
A58: VS2 | B58: ENTRADA | C58: =IF(C10=$R32,$S32*24,IF(C10=$R33,$S33*24,IF(C10=$R34,$S34*24,IF(C10=$R35,$S35*24,IF(C10=$R36,$S36*24,IF(C10=$R37,$S37*24,IF(C10=$R38,$S38*24,IF(C10=$R39,$S39*24,IF(C10=$R40,$S40*24,""))))))))) | D58: =IF(D10=$R32,$S32*24,IF(D10=$R33,$S33*24,IF(D10=$R34,$S34*24,IF(D10=$R35,$S35*24,IF(D10=$R36,$S36*24,IF(D10=$R37,$S37*24,IF(D10=$R38,$S38*24,IF(D10=$R39,$S39*24,IF(D10=$R40,$S40*24,""))))))))) -> 19 | E58: =IF(E10=$R32,$S32*24,IF(E10=$R33,$S33*24,IF(E10=$R34,$S34*24,IF(E10=$R35,$S35*24,IF(E10=$R36,$S36*24,IF(E10=$R37,$S37*24,IF(E10=$R38,$S38*24,IF(E10=$R39,$S39*24,IF(E10=$R40,$S40*24,""))))))))) -> 19 | F58: =IF(F10=$R32,$S32*24,IF(F10=$R33,$S33*24,IF(F10=$R34,$S34*24,IF(F10=$R35,$S35*24,IF(F10=$R36,$S36*24,IF(F10=$R37,$S37*24,IF(F10=$R38,$S38*24,IF(F10=$R39,$S39*24,IF(F10=$R40,$S40*24,""))))))))) -> 19 | G58: =IF(G10=$R32,$S32*24,IF(G10=$R33,$S33*24,IF(G10=$R34,$S34*24,IF(G10=$R35,$S35*24,IF(G10=$R36,$S36*24,IF(G10=$R37,$S37*24,IF(G10=$R38,$S38*24,IF(G10=$R39,$S39*24,IF(G10=$R40,$S40*24,""))))))))) | H58: =IF(H10=$R32,$S32*24,IF(H10=$R33,$S33*24,IF(H10=$R34,$S34*24,IF(H10=$R35,$S35*24,IF(H10=$R36,$S36*24,IF(H10=$R37,$S37*24,IF(H10=$R38,$S38*24,IF(H10=$R39,$S39*24,IF(H10=$R40,$S40*24,""))))))))) | I58: =IF(I10=$R32,$S32*24,IF(I10=$R33,$S33*24,IF(I10=$R34,$S34*24,IF(I10=$R35,$S35*24,IF(I10=$R36,$S36*24,IF(I10=$R37,$S37*24,IF(I10=$R38,$S38*24,IF(I10=$R39,$S39*24,IF(I10=$R40,$S40*24,""))))))))) | J58: =IF(J10=$R32,$S32*24,IF(J10=$R33,$S33*24,IF(J10=$R34,$S34*24,IF(J10=$R35,$S35*24,IF(J10=$R36,$S36*24,IF(J10=$R37,$S37*24,IF(J10=$R38,$S38*24,IF(J10=$R39,$S39*24,IF(J10=$R40,$S40*24,""))))))))) | ... AG58: =IF(AG10=$R32,$S32*24,IF(AG10=$R33,$S33*24,IF(AG10=$R34,$S34*24,IF(AG10=$R35,$S35*24,IF(AG10=$R36,$S36*24,IF(AG10=$R37,$S37*24,IF(AG10=$R38,$S38*24,IF(AG10=$R39,$S39*24,IF(AG10=$R40,$S40*24,""))))))))) | AH58: X | BO58: =IF(BO54=$AX47,IF(BO54="",0,$AX47),"") | BP58: =IF(BP54=$AX47,IF(BP54="",0,$AX47),"") | BQ58: =IF(BQ54=$AX47,IF(BQ54="",0,$AX47),"") | BR58: =IF(BR54=$AX47,IF(BR54="",0,$AX47),"") | BS58: =IF(BS54=$AX47,IF(BS54="",0,$AX47),"") | BT58: =IF(BT54=$AX47,IF(BT54="",0,$AX47),"") | BU58: =IF(BU54=$AX47,IF(BU54="",0,$AX47),"") -> 46081 | BV58: =IF(BV54=$AX47,IF(BV54="",0,$AX47),"") | ... BX58: =IF(BX54=$AX47,IF(BX54="",0,$AX47),"") | BY58: =SUM(BO58:BX58) -> 46081 | BZ58: =IF(BY58=$AZ$48,IF(BY58="",0,31),IF(BY58=$AZ$47,IF(BY58="",0,30),IF(BY58=$AX$48,IF(BY58="",0,29),IF(BY58=$AX$47,IF(BY58="",0,28))))) -> 28 | CA58: 28
A59: C10 | B59: SALIDA | C59: =IF(C10=$R32,$V32*24,IF(C10=$R33,$V33*24,IF(C10=$R34,$V34*24,IF(C10=$R35,$V35*24,IF(C10=$R36,$V36*24,IF(C10=$R37,$V37*24,IF(C10=$R38,$V38*24,IF(C10=$R39,$V39*24,IF(C10=$R40,$V40*24,""))))))))) | D59: =IF(D10=$R32,$V32*24,IF(D10=$R33,$V33*24,IF(D10=$R34,$V34*24,IF(D10=$R35,$V35*24,IF(D10=$R36,$V36*24,IF(D10=$R37,$V37*24,IF(D10=$R38,$V38*24,IF(D10=$R39,$V39*24,IF(D10=$R40,$V40*24,""))))))))) -> 7 | E59: =IF(E10=$R32,$V32*24,IF(E10=$R33,$V33*24,IF(E10=$R34,$V34*24,IF(E10=$R35,$V35*24,IF(E10=$R36,$V36*24,IF(E10=$R37,$V37*24,IF(E10=$R38,$V38*24,IF(E10=$R39,$V39*24,IF(E10=$R40,$V40*24,""))))))))) -> 7 | F59: =IF(F10=$R32,$V32*24,IF(F10=$R33,$V33*24,IF(F10=$R34,$V34*24,IF(F10=$R35,$V35*24,IF(F10=$R36,$V36*24,IF(F10=$R37,$V37*24,IF(F10=$R38,$V38*24,IF(F10=$R39,$V39*24,IF(F10=$R40,$V40*24,""))))))))) -> 7 | G59: =IF(G10=$R32,$V32*24,IF(G10=$R33,$V33*24,IF(G10=$R34,$V34*24,IF(G10=$R35,$V35*24,IF(G10=$R36,$V36*24,IF(G10=$R37,$V37*24,IF(G10=$R38,$V38*24,IF(G10=$R39,$V39*24,IF(G10=$R40,$V40*24,""))))))))) | H59: =IF(H10=$R32,$V32*24,IF(H10=$R33,$V33*24,IF(H10=$R34,$V34*24,IF(H10=$R35,$V35*24,IF(H10=$R36,$V36*24,IF(H10=$R37,$V37*24,IF(H10=$R38,$V38*24,IF(H10=$R39,$V39*24,IF(H10=$R40,$V40*24,""))))))))) | I59: =IF(I10=$R32,$V32*24,IF(I10=$R33,$V33*24,IF(I10=$R34,$V34*24,IF(I10=$R35,$V35*24,IF(I10=$R36,$V36*24,IF(I10=$R37,$V37*24,IF(I10=$R38,$V38*24,IF(I10=$R39,$V39*24,IF(I10=$R40,$V40*24,""))))))))) | J59: =IF(J10=$R32,$V32*24,IF(J10=$R33,$V33*24,IF(J10=$R34,$V34*24,IF(J10=$R35,$V35*24,IF(J10=$R36,$V36*24,IF(J10=$R37,$V37*24,IF(J10=$R38,$V38*24,IF(J10=$R39,$V39*24,IF(J10=$R40,$V40*24,""))))))))) | ... AG59: =IF(AG10=$R32,$V32*24,IF(AG10=$R33,$V33*24,IF(AG10=$R34,$V34*24,IF(AG10=$R35,$V35*24,IF(AG10=$R36,$V36*24,IF(AG10=$R37,$V37*24,IF(AG10=$R38,$V38*24,IF(AG10=$R39,$V39*24,IF(AG10=$R40,$V40*24,""))))))))) | AH59: X | BY59: t | BZ59: =SUM(BZ55:BZ58) -> 28 | CA59: =IF(BZ59=118,31,IF(BZ59=90,31,IF(BZ59=61,31,IF(BZ59=31,31,IF(BZ59=87,30,IF(BZ59=59,30,IF(BZ59=30,30,IF(BZ59=57,29,IF(BZ59=29,29,IF(BZ59=28,28,"")))))))))) -> 28
B60: NOCTURNIDAD | C60: =IF(C10=$R32,$BD32*24,IF(C10=$R33,$BD33*24,IF(C10=$R34,$BD34*24,IF(C10=$R35,$BD35*24,IF(C10=$R36,$BD36*24,IF(C10=$R37,$BD37*24,IF(C10=$R38,$BD38*24,IF(C10=$R39,$BD39*24,IF(C10=$R40,$BD40*24,""))))))))) | D60: =IF(D10=$R32,$BD32*24,IF(D10=$R33,$BD33*24,IF(D10=$R34,$BD34*24,IF(D10=$R35,$BD35*24,IF(D10=$R36,$BD36*24,IF(D10=$R37,$BD37*24,IF(D10=$R38,$BD38*24,IF(D10=$R39,$BD39*24,IF(D10=$R40,$BD40*24,""))))))))) -> 8 | E60: =IF(E10=$R32,$BD32*24,IF(E10=$R33,$BD33*24,IF(E10=$R34,$BD34*24,IF(E10=$R35,$BD35*24,IF(E10=$R36,$BD36*24,IF(E10=$R37,$BD37*24,IF(E10=$R38,$BD38*24,IF(E10=$R39,$BD39*24,IF(E10=$R40,$BD40*24,""))))))))) -> 8 | F60: =IF(F10=$R32,$BD32*24,IF(F10=$R33,$BD33*24,IF(F10=$R34,$BD34*24,IF(F10=$R35,$BD35*24,IF(F10=$R36,$BD36*24,IF(F10=$R37,$BD37*24,IF(F10=$R38,$BD38*24,IF(F10=$R39,$BD39*24,IF(F10=$R40,$BD40*24,""))))))))) -> 8 | G60: =IF(G10=$R32,$BD32*24,IF(G10=$R33,$BD33*24,IF(G10=$R34,$BD34*24,IF(G10=$R35,$BD35*24,IF(G10=$R36,$BD36*24,IF(G10=$R37,$BD37*24,IF(G10=$R38,$BD38*24,IF(G10=$R39,$BD39*24,IF(G10=$R40,$BD40*24,""))))))))) | H60: =IF(H10=$R32,$BD32*24,IF(H10=$R33,$BD33*24,IF(H10=$R34,$BD34*24,IF(H10=$R35,$BD35*24,IF(H10=$R36,$BD36*24,IF(H10=$R37,$BD37*24,IF(H10=$R38,$BD38*24,IF(H10=$R39,$BD39*24,IF(H10=$R40,$BD40*24,""))))))))) | I60: =IF(I10=$R32,$BD32*24,IF(I10=$R33,$BD33*24,IF(I10=$R34,$BD34*24,IF(I10=$R35,$BD35*24,IF(I10=$R36,$BD36*24,IF(I10=$R37,$BD37*24,IF(I10=$R38,$BD38*24,IF(I10=$R39,$BD39*24,IF(I10=$R40,$BD40*24,""))))))))) | J60: =IF(J10=$R32,$BD32*24,IF(J10=$R33,$BD33*24,IF(J10=$R34,$BD34*24,IF(J10=$R35,$BD35*24,IF(J10=$R36,$BD36*24,IF(J10=$R37,$BD37*24,IF(J10=$R38,$BD38*24,IF(J10=$R39,$BD39*24,IF(J10=$R40,$BD40*24,""))))))))) | ... AG60: =IF(AG10=$R32,$BD32*24,IF(AG10=$R33,$BD33*24,IF(AG10=$R34,$BD34*24,IF(AG10=$R35,$BD35*24,IF(AG10=$R36,$BD36*24,IF(AG10=$R37,$BD37*24,IF(AG10=$R38,$BD38*24,IF(AG10=$R39,$BD39*24,IF(AG10=$R40,$BD40*24,""))))))))) | AH60: =SUM(C60:AG60) -> 112 | CA60: =CA59 -> 28
B61: VACACIONES | C61: =IF(C10="V",$C36,IF(C10="PR",$C38,0)) -> 0 | D61: =IF(D10="V",$C36,IF(D10="PR",$C38,0)) -> 0 | E61: =IF(E10="V",$C36,IF(E10="PR",$C38,0)) -> 0 | F61: =IF(F10="V",$C36,IF(F10="PR",$C38,0)) -> 0 | G61: =IF(G10="V",$C36,IF(G10="PR",$C38,0)) -> 0 | H61: =IF(H10="V",$C36,IF(H10="PR",$C38,0)) -> 0 | I61: =IF(I10="V",$C36,IF(I10="PR",$C38,0)) -> 0 | J61: =IF(J10="V",$C36,IF(J10="PR",$C38,0)) -> 0 | ... AG61: =IF(AG10="V",$C36,IF(AG10="PR",$C38,0)) -> 0 | AH61: =SUM(C61:AG61) -> 0 | AJ61: X | BU61: =BS50 -> ju | BV61: =BT50 -> vi | BW61: =BU50 -> sa | BX61: =BV50 -> do | BY61: =BW50 -> lu
A62: HORAS | B62: SUMA HORAS | C62: =IF(C10=$R32,$BC32,IF(C10=$R33,$BC33,IF(C10=$R34,$BC34,IF(C10=$R35,$BC35,IF(C10=$R36,$BC36,IF(C10=$R37,$BC37,IF(C10=$R38,$BC38,IF(C10=$R39,$BC39,IF(C10=$R40,$BC40,0))))))))) -> 0 | D62: =IF(D10=$R32,$BC32,IF(D10=$R33,$BC33,IF(D10=$R34,$BC34,IF(D10=$R35,$BC35,IF(D10=$R36,$BC36,IF(D10=$R37,$BC37,IF(D10=$R38,$BC38,IF(D10=$R39,$BC39,IF(D10=$R40,$BC40,0))))))))) -> 12 | E62: =IF(E10=$R32,$BC32,IF(E10=$R33,$BC33,IF(E10=$R34,$BC34,IF(E10=$R35,$BC35,IF(E10=$R36,$BC36,IF(E10=$R37,$BC37,IF(E10=$R38,$BC38,IF(E10=$R39,$BC39,IF(E10=$R40,$BC40,0))))))))) -> 12 | F62: =IF(F10=$R32,$BC32,IF(F10=$R33,$BC33,IF(F10=$R34,$BC34,IF(F10=$R35,$BC35,IF(F10=$R36,$BC36,IF(F10=$R37,$BC37,IF(F10=$R38,$BC38,IF(F10=$R39,$BC39,IF(F10=$R40,$BC40,0))))))))) -> 12 | G62: =IF(G10=$R32,$BC32,IF(G10=$R33,$BC33,IF(G10=$R34,$BC34,IF(G10=$R35,$BC35,IF(G10=$R36,$BC36,IF(G10=$R37,$BC37,IF(G10=$R38,$BC38,IF(G10=$R39,$BC39,IF(G10=$R40,$BC40,0))))))))) -> 0 | H62: =IF(H10=$R32,$BC32,IF(H10=$R33,$BC33,IF(H10=$R34,$BC34,IF(H10=$R35,$BC35,IF(H10=$R36,$BC36,IF(H10=$R37,$BC37,IF(H10=$R38,$BC38,IF(H10=$R39,$BC39,IF(H10=$R40,$BC40,0))))))))) -> 0 | I62: =IF(I10=$R32,$BC32,IF(I10=$R33,$BC33,IF(I10=$R34,$BC34,IF(I10=$R35,$BC35,IF(I10=$R36,$BC36,IF(I10=$R37,$BC37,IF(I10=$R38,$BC38,IF(I10=$R39,$BC39,IF(I10=$R40,$BC40,0))))))))) -> 0 | J62: =IF(J10=$R32,$BC32,IF(J10=$R33,$BC33,IF(J10=$R34,$BC34,IF(J10=$R35,$BC35,IF(J10=$R36,$BC36,IF(J10=$R37,$BC37,IF(J10=$R38,$BC38,IF(J10=$R39,$BC39,IF(J10=$R40,$BC40,0))))))))) -> 0 | ... AG62: =IF(AG10=$R32,$BC32,IF(AG10=$R33,$BC33,IF(AG10=$R34,$BC34,IF(AG10=$R35,$BC35,IF(AG10=$R36,$BC36,IF(AG10=$R37,$BC37,IF(AG10=$R38,$BC38,IF(AG10=$R39,$BC39,IF(AG10=$R40,$BC40,0))))))))) -> 0 | AH62: =SUM(C62:AG62) -> 168 | AJ62: h | AK62: X | BU62: 28 | BV62: 29 | BW62: 30 | BX62: 31 | BY62: 1
A63: FESTIVOS | B63: DIA | C63: =IF(C46=1,IF(C58<C59,C62,0)) -> 0 | D63: =IF(D46=1,IF(D58<D59,D62,0)) -> FALSE | E63: =IF(E46=1,IF(E58<E59,E62,0)) -> FALSE | F63: =IF(F46=1,IF(F58<F59,F62,0)) -> FALSE | G63: =IF(G46=1,IF(G58<G59,G62,0)) -> FALSE | H63: =IF(H46=1,IF(H58<H59,H62,0)) -> FALSE | I63: =IF(I46=1,IF(I58<I59,I62,0)) -> 0 | J63: =IF(J46=1,IF(J58<J59,J62,0)) -> 0 | ... AG63: =IF(AG46=1,IF(AG58<AG59,AG62,0)) -> FALSE | AH63: X | BV63: =IF(CA59=28,IF(CA59="",0,1),IF(CA59=1,IF(CA59="",0,1),"")) -> 1 | BW63: =IF(CA59=29,IF(CA59="",0,1),IF(CA59=1,IF(CA59="",0,1),"")) | BX63: =IF(CA59=30,IF(CA59="",0,1),IF(CA59=1,IF(CA59="",0,1),"")) | BY63: =IF(CA59=31,IF(CA59="",0,1),IF(CA59=1,IF(CA59="",0,1),""))
B64: NOCHE 1 | C64: =IF(C46=1,IF(C58>C59,24-C58,0),0) -> 0 | D64: =IF(D46=1,IF(D58>D59,24-D58,0),0) -> 0 | E64: =IF(E46=1,IF(E58>E59,24-E58,0),0) -> 0 | F64: =IF(F46=1,IF(F58>F59,24-F58,0),0) -> 0 | G64: =IF(G46=1,IF(G58>G59,24-G58,0),0) -> 0 | H64: =IF(H46=1,IF(H58>H59,24-H58,0),0) -> 0 | I64: =IF(I46=1,IF(I58>I59,24-I58,0),0) -> 0 | J64: =IF(J46=1,IF(J58>J59,24-J58,0),0) -> 0 | ... AG64: =IF(AG46=1,IF(AG58>AG59,24-AG58,0),0) -> 0 | AH64: X | BU64: SA/DO | BV64: =IF(BV61="sa",IF(BV61="",0,"1"),IF(BV61="do",IF(BV61="",0,"1"))) -> FALSE | BW64: =IF(BW61="sa",IF(BW61="",0,"1"),IF(BW61="do",IF(BW61="",0,"1"))) -> 1 | BX64: =IF(BX61="sa",IF(BX61="",0,"1"),IF(BX61="do",IF(BX61="",0,"1"))) -> 1 | BY64: =IF(BY61="sa",IF(BY61="",0,"1"),IF(BY61="do",IF(BY61="",0,"1"))) -> FALSE
B65: NOCHE 2 | C65: =IF(D46=1,IF(C58>C59,C59,0),0) -> 0 | D65: =IF(E46=1,IF(D58>D59,D59,0),0) -> 0 | E65: =IF(F46=1,IF(E58>E59,E59,0),0) -> 0 | F65: =IF(G46=1,IF(F58>F59,F59,0),0) -> 0 | G65: =IF(H46=1,IF(G58>G59,G59,0),0) -> 0 | H65: =IF(I46=1,IF(H58>H59,H59,0),0) -> 0 | I65: =IF(J46=1,IF(I58>I59,I59,0),0) -> 0 | J65: =IF(K46=1,IF(J58>J59,J59,0),0) -> 0 | ... AG65: =IF(AH46=1,IF(AG58>AG59,AG59,0),0) -> 0 | AH65: X
B66: SUMA FESTIVOS | C66: =SUM(C63:C65) -> 0 | D66: =SUM(D63:D65) -> 0 | E66: =SUM(E63:E65) -> 0 | F66: =SUM(F63:F65) -> 0 | G66: =SUM(G63:G65) -> 0 | H66: =SUM(H63:H65) -> 0 | I66: =SUM(I63:I65) -> 0 | J66: =SUM(J63:J65) -> 0 | ... AG66: =SUM(AG63:AG65) -> 0 | AH66: X | BV66: =IF(BV65=2,IF(BV65="",0,"X"),IF(BV65=2,IF(BV65="",0,2),"")) | BW66: =IF(BW65=2,IF(BW65="",0,"X"),IF(BW65=2,IF(BW65="",0,2),"")) | BX66: =IF(BX65=2,IF(BX65="",0,"X"),IF(BX65=2,IF(BX65="",0,2),"")) | BY66: =IF(BY65=2,IF(BY65="",0,"X"),IF(BY65=2,IF(BY65="",0,2),""))
B67: SUMA VACACIONES | C67: =IF(C10="V",IF(C10="",0,1),0) -> 0 | D67: =IF(D10="V",IF(D10="",0,1),0) -> 0 | E67: =IF(E10="V",IF(E10="",0,1),0) -> 0 | F67: =IF(F10="V",IF(F10="",0,1),0) -> 0 | G67: =IF(G10="V",IF(G10="",0,1),0) -> 0 | H67: =IF(H10="V",IF(H10="",0,1),0) -> 0 | I67: =IF(I10="V",IF(I10="",0,1),0) -> 0 | J67: =IF(J10="V",IF(J10="",0,1),0) -> 0 | ... AG67: =IF(AG10="V",IF(AG10="",0,1),0) -> 0 | AH67: X | BV67: =IF(BV66=2,IF(BV66="",0,"X"),IF(BV66=2,IF(BV66="",0,2),"")) | BW67: =IF(BW66=2,IF(BW66="",0,"X"),IF(BW66=2,IF(BW66="",0,2),"")) | BX67: =IF(BX66=2,IF(BX66="",0,"X"),IF(BX66=2,IF(BX66="",0,2),"")) | BY67: =IF(BY66=2,IF(BY66="",0,"X"),IF(BY66=2,IF(BY66="",0,2),""))
B68: PR | C68: =IF(C10="PR",IF(C10="",0,1),0) -> 0 | D68: =IF(D10="PR",IF(D10="",0,1),0) -> 0 | E68: =IF(E10="PR",IF(E10="",0,1),0) -> 0 | F68: =IF(F10="PR",IF(F10="",0,1),0) -> 0 | G68: =IF(G10="PR",IF(G10="",0,1),0) -> 0 | H68: =IF(H10="PR",IF(H10="",0,1),0) -> 0 | I68: =IF(I10="PR",IF(I10="",0,1),0) -> 0 | J68: =IF(J10="PR",IF(J10="",0,1),0) -> 0 | ... AG68: =IF(AG10="PR",IF(AG10="",0,1),0) -> 0 | AH68: =SUM(C68:AG68) -> 0 | AJ68: pr
A69: VS3 | B69: ENTRADA | C69: =IF(C11=$R32,$S32*24,IF(C11=$R33,$S33*24,IF(C11=$R34,$S34*24,IF(C11=$R35,$S35*24,IF(C11=$R36,$S36*24,IF(C11=$R37,$S37*24,IF(C11=$R38,$S38*24,IF(C11=$R39,$S39*24,IF(C11=$R40,$S40*24,""))))))))) | D69: =IF(D11=$R32,$S32*24,IF(D11=$R33,$S33*24,IF(D11=$R34,$S34*24,IF(D11=$R35,$S35*24,IF(D11=$R36,$S36*24,IF(D11=$R37,$S37*24,IF(D11=$R38,$S38*24,IF(D11=$R39,$S39*24,IF(D11=$R40,$S40*24,""))))))))) | E69: =IF(E11=$R32,$S32*24,IF(E11=$R33,$S33*24,IF(E11=$R34,$S34*24,IF(E11=$R35,$S35*24,IF(E11=$R36,$S36*24,IF(E11=$R37,$S37*24,IF(E11=$R38,$S38*24,IF(E11=$R39,$S39*24,IF(E11=$R40,$S40*24,""))))))))) | F69: =IF(F11=$R32,$S32*24,IF(F11=$R33,$S33*24,IF(F11=$R34,$S34*24,IF(F11=$R35,$S35*24,IF(F11=$R36,$S36*24,IF(F11=$R37,$S37*24,IF(F11=$R38,$S38*24,IF(F11=$R39,$S39*24,IF(F11=$R40,$S40*24,""))))))))) | G69: =IF(G11=$R32,$S32*24,IF(G11=$R33,$S33*24,IF(G11=$R34,$S34*24,IF(G11=$R35,$S35*24,IF(G11=$R36,$S36*24,IF(G11=$R37,$S37*24,IF(G11=$R38,$S38*24,IF(G11=$R39,$S39*24,IF(G11=$R40,$S40*24,""))))))))) | H69: =IF(H11=$R32,$S32*24,IF(H11=$R33,$S33*24,IF(H11=$R34,$S34*24,IF(H11=$R35,$S35*24,IF(H11=$R36,$S36*24,IF(H11=$R37,$S37*24,IF(H11=$R38,$S38*24,IF(H11=$R39,$S39*24,IF(H11=$R40,$S40*24,""))))))))) | I69: =IF(I11=$R32,$S32*24,IF(I11=$R33,$S33*24,IF(I11=$R34,$S34*24,IF(I11=$R35,$S35*24,IF(I11=$R36,$S36*24,IF(I11=$R37,$S37*24,IF(I11=$R38,$S38*24,IF(I11=$R39,$S39*24,IF(I11=$R40,$S40*24,""))))))))) | J69: =IF(J11=$R32,$S32*24,IF(J11=$R33,$S33*24,IF(J11=$R34,$S34*24,IF(J11=$R35,$S35*24,IF(J11=$R36,$S36*24,IF(J11=$R37,$S37*24,IF(J11=$R38,$S38*24,IF(J11=$R39,$S39*24,IF(J11=$R40,$S40*24,""))))))))) | ... AG69: =IF(AG11=$R32,$S32*24,IF(AG11=$R33,$S33*24,IF(AG11=$R34,$S34*24,IF(AG11=$R35,$S35*24,IF(AG11=$R36,$S36*24,IF(AG11=$R37,$S37*24,IF(AG11=$R38,$S38*24,IF(AG11=$R39,$S39*24,IF(AG11=$R40,$S40*24,""))))))))) | AH69: X
A70: C11 | B70: SALIDA | C70: =IF(C11=$R32,$V32*24,IF(C11=$R33,$V33*24,IF(C11=$R34,$V34*24,IF(C11=$R35,$V35*24,IF(C11=$R36,$V36*24,IF(C11=$R37,$V37*24,IF(C11=$R38,$V38*24,IF(C11=$R39,$V39*24,IF(C11=$R40,$V40*24,""))))))))) | D70: =IF(D11=$R32,$V32*24,IF(D11=$R33,$V33*24,IF(D11=$R34,$V34*24,IF(D11=$R35,$V35*24,IF(D11=$R36,$V36*24,IF(D11=$R37,$V37*24,IF(D11=$R38,$V38*24,IF(D11=$R39,$V39*24,IF(D11=$R40,$V40*24,""))))))))) | E70: =IF(E11=$R32,$V32*24,IF(E11=$R33,$V33*24,IF(E11=$R34,$V34*24,IF(E11=$R35,$V35*24,IF(E11=$R36,$V36*24,IF(E11=$R37,$V37*24,IF(E11=$R38,$V38*24,IF(E11=$R39,$V39*24,IF(E11=$R40,$V40*24,""))))))))) | F70: =IF(F11=$R32,$V32*24,IF(F11=$R33,$V33*24,IF(F11=$R34,$V34*24,IF(F11=$R35,$V35*24,IF(F11=$R36,$V36*24,IF(F11=$R37,$V37*24,IF(F11=$R38,$V38*24,IF(F11=$R39,$V39*24,IF(F11=$R40,$V40*24,""))))))))) | G70: =IF(G11=$R32,$V32*24,IF(G11=$R33,$V33*24,IF(G11=$R34,$V34*24,IF(G11=$R35,$V35*24,IF(G11=$R36,$V36*24,IF(G11=$R37,$V37*24,IF(G11=$R38,$V38*24,IF(G11=$R39,$V39*24,IF(G11=$R40,$V40*24,""))))))))) | H70: =IF(H11=$R32,$V32*24,IF(H11=$R33,$V33*24,IF(H11=$R34,$V34*24,IF(H11=$R35,$V35*24,IF(H11=$R36,$V36*24,IF(H11=$R37,$V37*24,IF(H11=$R38,$V38*24,IF(H11=$R39,$V39*24,IF(H11=$R40,$V40*24,""))))))))) | I70: =IF(I11=$R32,$V32*24,IF(I11=$R33,$V33*24,IF(I11=$R34,$V34*24,IF(I11=$R35,$V35*24,IF(I11=$R36,$V36*24,IF(I11=$R37,$V37*24,IF(I11=$R38,$V38*24,IF(I11=$R39,$V39*24,IF(I11=$R40,$V40*24,""))))))))) | J70: =IF(J11=$R32,$V32*24,IF(J11=$R33,$V33*24,IF(J11=$R34,$V34*24,IF(J11=$R35,$V35*24,IF(J11=$R36,$V36*24,IF(J11=$R37,$V37*24,IF(J11=$R38,$V38*24,IF(J11=$R39,$V39*24,IF(J11=$R40,$V40*24,""))))))))) | ... AG70: =IF(AG11=$R32,$V32*24,IF(AG11=$R33,$V33*24,IF(AG11=$R34,$V34*24,IF(AG11=$R35,$V35*24,IF(AG11=$R36,$V36*24,IF(AG11=$R37,$V37*24,IF(AG11=$R38,$V38*24,IF(AG11=$R39,$V39*24,IF(AG11=$R40,$V40*24,""))))))))) | AH70: X
B71: NOCTURNIDAD | C71: =IF(C11=$R32,$BD32*24,IF(C11=$R33,$BD33*24,IF(C11=$R34,$BD34*24,IF(C11=$R35,$BD35*24,IF(C11=$R36,$BD36*24,IF(C11=$R37,$BD37*24,IF(C11=$R38,$BD38*24,IF(C11=$R39,$BD39*24,IF(C11=$R40,$BD40*24,""))))))))) | D71: =IF(D11=$R32,$BD32*24,IF(D11=$R33,$BD33*24,IF(D11=$R34,$BD34*24,IF(D11=$R35,$BD35*24,IF(D11=$R36,$BD36*24,IF(D11=$R37,$BD37*24,IF(D11=$R38,$BD38*24,IF(D11=$R39,$BD39*24,IF(D11=$R40,$BD40*24,""))))))))) | E71: =IF(E11=$R32,$BD32*24,IF(E11=$R33,$BD33*24,IF(E11=$R34,$BD34*24,IF(E11=$R35,$BD35*24,IF(E11=$R36,$BD36*24,IF(E11=$R37,$BD37*24,IF(E11=$R38,$BD38*24,IF(E11=$R39,$BD39*24,IF(E11=$R40,$BD40*24,""))))))))) | F71: =IF(F11=$R32,$BD32*24,IF(F11=$R33,$BD33*24,IF(F11=$R34,$BD34*24,IF(F11=$R35,$BD35*24,IF(F11=$R36,$BD36*24,IF(F11=$R37,$BD37*24,IF(F11=$R38,$BD38*24,IF(F11=$R39,$BD39*24,IF(F11=$R40,$BD40*24,""))))))))) | G71: =IF(G11=$R32,$BD32*24,IF(G11=$R33,$BD33*24,IF(G11=$R34,$BD34*24,IF(G11=$R35,$BD35*24,IF(G11=$R36,$BD36*24,IF(G11=$R37,$BD37*24,IF(G11=$R38,$BD38*24,IF(G11=$R39,$BD39*24,IF(G11=$R40,$BD40*24,""))))))))) | H71: =IF(H11=$R32,$BD32*24,IF(H11=$R33,$BD33*24,IF(H11=$R34,$BD34*24,IF(H11=$R35,$BD35*24,IF(H11=$R36,$BD36*24,IF(H11=$R37,$BD37*24,IF(H11=$R38,$BD38*24,IF(H11=$R39,$BD39*24,IF(H11=$R40,$BD40*24,""))))))))) | I71: =IF(I11=$R32,$BD32*24,IF(I11=$R33,$BD33*24,IF(I11=$R34,$BD34*24,IF(I11=$R35,$BD35*24,IF(I11=$R36,$BD36*24,IF(I11=$R37,$BD37*24,IF(I11=$R38,$BD38*24,IF(I11=$R39,$BD39*24,IF(I11=$R40,$BD40*24,""))))))))) | J71: =IF(J11=$R32,$BD32*24,IF(J11=$R33,$BD33*24,IF(J11=$R34,$BD34*24,IF(J11=$R35,$BD35*24,IF(J11=$R36,$BD36*24,IF(J11=$R37,$BD37*24,IF(J11=$R38,$BD38*24,IF(J11=$R39,$BD39*24,IF(J11=$R40,$BD40*24,""))))))))) | ... AG71: =IF(AG11=$R32,$BD32*24,IF(AG11=$R33,$BD33*24,IF(AG11=$R34,$BD34*24,IF(AG11=$R35,$BD35*24,IF(AG11=$R36,$BD36*24,IF(AG11=$R37,$BD37*24,IF(AG11=$R38,$BD38*24,IF(AG11=$R39,$BD39*24,IF(AG11=$R40,$BD40*24,""))))))))) | AH71: =SUM(C71:AG71) -> 0
B72: VACACIONES | C72: =IF(C11="V",$C36,IF(C11="PR",$C38,0)) -> 0 | D72: =IF(D11="V",$C36,IF(D11="PR",$C38,0)) -> 0 | E72: =IF(E11="V",$C36,IF(E11="PR",$C38,0)) -> 0 | F72: =IF(F11="V",$C36,IF(F11="PR",$C38,0)) -> 0 | G72: =IF(G11="V",$C36,IF(G11="PR",$C38,0)) -> 0 | H72: =IF(H11="V",$C36,IF(H11="PR",$C38,0)) -> 0 | I72: =IF(I11="V",$C36,IF(I11="PR",$C38,0)) -> 0 | J72: =IF(J11="V",$C36,IF(J11="PR",$C38,0)) -> 0 | ... AG72: =IF(AG11="V",$C36,IF(AG11="PR",$C38,0)) -> 0 | AH72: =SUM(C72:AG72) -> 0 | AJ72: X
A73: HORAS | B73: SUMA HORAS | C73: =IF(C11=$R32,$BC32,IF(C11=$R33,$BC33,IF(C11=$R34,$BC34,IF(C11=$R35,$BC35,IF(C11=$R36,$BC36,IF(C11=$R37,$BC37,IF(C11=$R38,$BC38,IF(C11=$R39,$BC39,IF(C11=$R40,$BC40,0))))))))) -> 0 | D73: =IF(D11=$R32,$BC32,IF(D11=$R33,$BC33,IF(D11=$R34,$BC34,IF(D11=$R35,$BC35,IF(D11=$R36,$BC36,IF(D11=$R37,$BC37,IF(D11=$R38,$BC38,IF(D11=$R39,$BC39,IF(D11=$R40,$BC40,0))))))))) -> 0 | E73: =IF(E11=$R32,$BC32,IF(E11=$R33,$BC33,IF(E11=$R34,$BC34,IF(E11=$R35,$BC35,IF(E11=$R36,$BC36,IF(E11=$R37,$BC37,IF(E11=$R38,$BC38,IF(E11=$R39,$BC39,IF(E11=$R40,$BC40,0))))))))) -> 0 | F73: =IF(F11=$R32,$BC32,IF(F11=$R33,$BC33,IF(F11=$R34,$BC34,IF(F11=$R35,$BC35,IF(F11=$R36,$BC36,IF(F11=$R37,$BC37,IF(F11=$R38,$BC38,IF(F11=$R39,$BC39,IF(F11=$R40,$BC40,0))))))))) -> 0 | G73: =IF(G11=$R32,$BC32,IF(G11=$R33,$BC33,IF(G11=$R34,$BC34,IF(G11=$R35,$BC35,IF(G11=$R36,$BC36,IF(G11=$R37,$BC37,IF(G11=$R38,$BC38,IF(G11=$R39,$BC39,IF(G11=$R40,$BC40,0))))))))) -> 0 | H73: =IF(H11=$R32,$BC32,IF(H11=$R33,$BC33,IF(H11=$R34,$BC34,IF(H11=$R35,$BC35,IF(H11=$R36,$BC36,IF(H11=$R37,$BC37,IF(H11=$R38,$BC38,IF(H11=$R39,$BC39,IF(H11=$R40,$BC40,0))))))))) -> 0 | I73: =IF(I11=$R32,$BC32,IF(I11=$R33,$BC33,IF(I11=$R34,$BC34,IF(I11=$R35,$BC35,IF(I11=$R36,$BC36,IF(I11=$R37,$BC37,IF(I11=$R38,$BC38,IF(I11=$R39,$BC39,IF(I11=$R40,$BC40,0))))))))) -> 0 | J73: =IF(J11=$R32,$BC32,IF(J11=$R33,$BC33,IF(J11=$R34,$BC34,IF(J11=$R35,$BC35,IF(J11=$R36,$BC36,IF(J11=$R37,$BC37,IF(J11=$R38,$BC38,IF(J11=$R39,$BC39,IF(J11=$R40,$BC40,0))))))))) -> 0 | ... AG73: =IF(AG11=$R32,$BC32,IF(AG11=$R33,$BC33,IF(AG11=$R34,$BC34,IF(AG11=$R35,$BC35,IF(AG11=$R36,$BC36,IF(AG11=$R37,$BC37,IF(AG11=$R38,$BC38,IF(AG11=$R39,$BC39,IF(AG11=$R40,$BC40,0))))))))) -> 0 | AH73: =SUM(C73:AG73) -> 0 | AJ73: h | AK73: X
A74: FESTIVOS | B74: DIA | C74: =IF(C46=1,IF(C69<C70,C73,0)) -> 0 | D74: =IF(D46=1,IF(D69<D70,D73,0)) -> FALSE | E74: =IF(E46=1,IF(E69<E70,E73,0)) -> FALSE | F74: =IF(F46=1,IF(F69<F70,F73,0)) -> FALSE | G74: =IF(G46=1,IF(G69<G70,G73,0)) -> FALSE | H74: =IF(H46=1,IF(H69<H70,H73,0)) -> FALSE | I74: =IF(I46=1,IF(I69<I70,I73,0)) -> 0 | J74: =IF(J46=1,IF(J69<J70,J73,0)) -> 0 | ... AG74: =IF(AG46=1,IF(AG69<AG70,AG73,0)) -> FALSE | AH74: X
B75: NOCHE 1 | C75: =IF(C46=1,IF(C69>C70,24-C69,0),0) -> 0 | D75: =IF(D46=1,IF(D69>D70,24-D69,0),0) -> 0 | E75: =IF(E46=1,IF(E69>E70,24-E69,0),0) -> 0 | F75: =IF(F46=1,IF(F69>F70,24-F69,0),0) -> 0 | G75: =IF(G46=1,IF(G69>G70,24-G69,0),0) -> 0 | H75: =IF(H46=1,IF(H69>H70,24-H69,0),0) -> 0 | I75: =IF(I46=1,IF(I69>I70,24-I69,0),0) -> 0 | J75: =IF(J46=1,IF(J69>J70,24-J69,0),0) -> 0 | ... AG75: =IF(AG46=1,IF(AG69>AG70,24-AG69,0),0) -> 0 | AH75: X
B76: NOCHE 2 | C76: =IF(D46=1,IF(C69>C70,C70,0),0) -> 0 | D76: =IF(E46=1,IF(D69>D70,D70,0),0) -> 0 | E76: =IF(F46=1,IF(E69>E70,E70,0),0) -> 0 | F76: =IF(G46=1,IF(F69>F70,F70,0),0) -> 0 | G76: =IF(H46=1,IF(G69>G70,G70,0),0) -> 0 | H76: =IF(I46=1,IF(H69>H70,H70,0),0) -> 0 | I76: =IF(J46=1,IF(I69>I70,I70,0),0) -> 0 | J76: =IF(K46=1,IF(J69>J70,J70,0),0) -> 0 | ... AG76: =IF(AH46=1,IF(AG69>AG70,AG70,0),0) -> 0 | AH76: X
B77: SUMA FESTIVOS | C77: =SUM(C74:C76) -> 0 | D77: =SUM(D74:D76) -> 0 | E77: =SUM(E74:E76) -> 0 | F77: =SUM(F74:F76) -> 0 | G77: =SUM(G74:G76) -> 0 | H77: =SUM(H74:H76) -> 0 | I77: =SUM(I74:I76) -> 0 | J77: =SUM(J74:J76) -> 0 | ... AG77: =SUM(AG74:AG76) -> 0 | AH77: X
B78: SUMA VACACIONES | C78: =IF(C11="V",IF(C11="",0,1),0) -> 0 | D78: =IF(D11="V",IF(D11="",0,1),0) -> 0 | E78: =IF(E11="V",IF(E11="",0,1),0) -> 0 | F78: =IF(F11="V",IF(F11="",0,1),0) -> 0 | G78: =IF(G11="V",IF(G11="",0,1),0) -> 0 | H78: =IF(H11="V",IF(H11="",0,1),0) -> 0 | I78: =IF(I11="V",IF(I11="",0,1),0) -> 0 | J78: =IF(J11="V",IF(J11="",0,1),0) -> 0 | ... AG78: =IF(AG11="V",IF(AG11="",0,1),0) -> 0 | AH78: X
B79: PR | C79: =IF(C11="PR",IF(C11="",0,1),0) -> 0 | D79: =IF(D11="PR",IF(D11="",0,1),0) -> 0 | E79: =IF(E11="PR",IF(E11="",0,1),0) -> 0 | F79: =IF(F11="PR",IF(F11="",0,1),0) -> 0 | G79: =IF(G11="PR",IF(G11="",0,1),0) -> 0 | H79: =IF(H11="PR",IF(H11="",0,1),0) -> 0 | I79: =IF(I11="PR",IF(I11="",0,1),0) -> 0 | J79: =IF(J11="PR",IF(J11="",0,1),0) -> 0 | ... AG79: =IF(AG11="PR",IF(AG11="",0,1),0) -> 0 | AH79: =SUM(C79:AG79) -> 0 | AJ79: pr
A80: VS4 | B80: ENTRADA | C80: =IF(C12=$R32,$S32*24,IF(C12=$R33,$S33*24,IF(C12=$R34,$S34*24,IF(C12=$R35,$S35*24,IF(C12=$R36,$S36*24,IF(C12=$R37,$S37*24,IF(C12=$R38,$S38*24,IF(C12=$R39,$S39*24,IF(C12=$R40,$S40*24,""))))))))) | D80: =IF(D12=$R32,$S32*24,IF(D12=$R33,$S33*24,IF(D12=$R34,$S34*24,IF(D12=$R35,$S35*24,IF(D12=$R36,$S36*24,IF(D12=$R37,$S37*24,IF(D12=$R38,$S38*24,IF(D12=$R39,$S39*24,IF(D12=$R40,$S40*24,""))))))))) -> 7 | E80: =IF(E12=$R32,$S32*24,IF(E12=$R33,$S33*24,IF(E12=$R34,$S34*24,IF(E12=$R35,$S35*24,IF(E12=$R36,$S36*24,IF(E12=$R37,$S37*24,IF(E12=$R38,$S38*24,IF(E12=$R39,$S39*24,IF(E12=$R40,$S40*24,""))))))))) -> 7 | F80: =IF(F12=$R32,$S32*24,IF(F12=$R33,$S33*24,IF(F12=$R34,$S34*24,IF(F12=$R35,$S35*24,IF(F12=$R36,$S36*24,IF(F12=$R37,$S37*24,IF(F12=$R38,$S38*24,IF(F12=$R39,$S39*24,IF(F12=$R40,$S40*24,""))))))))) | G80: =IF(G12=$R32,$S32*24,IF(G12=$R33,$S33*24,IF(G12=$R34,$S34*24,IF(G12=$R35,$S35*24,IF(G12=$R36,$S36*24,IF(G12=$R37,$S37*24,IF(G12=$R38,$S38*24,IF(G12=$R39,$S39*24,IF(G12=$R40,$S40*24,""))))))))) | H80: =IF(H12=$R32,$S32*24,IF(H12=$R33,$S33*24,IF(H12=$R34,$S34*24,IF(H12=$R35,$S35*24,IF(H12=$R36,$S36*24,IF(H12=$R37,$S37*24,IF(H12=$R38,$S38*24,IF(H12=$R39,$S39*24,IF(H12=$R40,$S40*24,""))))))))) -> 7 | I80: =IF(I12=$R32,$S32*24,IF(I12=$R33,$S33*24,IF(I12=$R34,$S34*24,IF(I12=$R35,$S35*24,IF(I12=$R36,$S36*24,IF(I12=$R37,$S37*24,IF(I12=$R38,$S38*24,IF(I12=$R39,$S39*24,IF(I12=$R40,$S40*24,""))))))))) -> 7 | J80: =IF(J12=$R32,$S32*24,IF(J12=$R33,$S33*24,IF(J12=$R34,$S34*24,IF(J12=$R35,$S35*24,IF(J12=$R36,$S36*24,IF(J12=$R37,$S37*24,IF(J12=$R38,$S38*24,IF(J12=$R39,$S39*24,IF(J12=$R40,$S40*24,""))))))))) -> 7 | ... AG80: =IF(AG12=$R32,$S32*24,IF(AG12=$R33,$S33*24,IF(AG12=$R34,$S34*24,IF(AG12=$R35,$S35*24,IF(AG12=$R36,$S36*24,IF(AG12=$R37,$S37*24,IF(AG12=$R38,$S38*24,IF(AG12=$R39,$S39*24,IF(AG12=$R40,$S40*24,""))))))))) | AH80: X
A81: C12 | B81: SALIDA | C81: =IF(C12=$R32,$V32*24,IF(C12=$R33,$V33*24,IF(C12=$R34,$V34*24,IF(C12=$R35,$V35*24,IF(C12=$R36,$V36*24,IF(C12=$R37,$V37*24,IF(C12=$R38,$V38*24,IF(C12=$R39,$V39*24,IF(C12=$R40,$V40*24,""))))))))) | D81: =IF(D12=$R32,$V32*24,IF(D12=$R33,$V33*24,IF(D12=$R34,$V34*24,IF(D12=$R35,$V35*24,IF(D12=$R36,$V36*24,IF(D12=$R37,$V37*24,IF(D12=$R38,$V38*24,IF(D12=$R39,$V39*24,IF(D12=$R40,$V40*24,""))))))))) -> 19 | E81: =IF(E12=$R32,$V32*24,IF(E12=$R33,$V33*24,IF(E12=$R34,$V34*24,IF(E12=$R35,$V35*24,IF(E12=$R36,$V36*24,IF(E12=$R37,$V37*24,IF(E12=$R38,$V38*24,IF(E12=$R39,$V39*24,IF(E12=$R40,$V40*24,""))))))))) -> 19 | F81: =IF(F12=$R32,$V32*24,IF(F12=$R33,$V33*24,IF(F12=$R34,$V34*24,IF(F12=$R35,$V35*24,IF(F12=$R36,$V36*24,IF(F12=$R37,$V37*24,IF(F12=$R38,$V38*24,IF(F12=$R39,$V39*24,IF(F12=$R40,$V40*24,""))))))))) | G81: =IF(G12=$R32,$V32*24,IF(G12=$R33,$V33*24,IF(G12=$R34,$V34*24,IF(G12=$R35,$V35*24,IF(G12=$R36,$V36*24,IF(G12=$R37,$V37*24,IF(G12=$R38,$V38*24,IF(G12=$R39,$V39*24,IF(G12=$R40,$V40*24,""))))))))) | H81: =IF(H12=$R32,$V32*24,IF(H12=$R33,$V33*24,IF(H12=$R34,$V34*24,IF(H12=$R35,$V35*24,IF(H12=$R36,$V36*24,IF(H12=$R37,$V37*24,IF(H12=$R38,$V38*24,IF(H12=$R39,$V39*24,IF(H12=$R40,$V40*24,""))))))))) -> 19 | I81: =IF(I12=$R32,$V32*24,IF(I12=$R33,$V33*24,IF(I12=$R34,$V34*24,IF(I12=$R35,$V35*24,IF(I12=$R36,$V36*24,IF(I12=$R37,$V37*24,IF(I12=$R38,$V38*24,IF(I12=$R39,$V39*24,IF(I12=$R40,$V40*24,""))))))))) -> 19 | J81: =IF(J12=$R32,$V32*24,IF(J12=$R33,$V33*24,IF(J12=$R34,$V34*24,IF(J12=$R35,$V35*24,IF(J12=$R36,$V36*24,IF(J12=$R37,$V37*24,IF(J12=$R38,$V38*24,IF(J12=$R39,$V39*24,IF(J12=$R40,$V40*24,""))))))))) -> 19 | ... AG81: =IF(AG12=$R32,$V32*24,IF(AG12=$R33,$V33*24,IF(AG12=$R34,$V34*24,IF(AG12=$R35,$V35*24,IF(AG12=$R36,$V36*24,IF(AG12=$R37,$V37*24,IF(AG12=$R38,$V38*24,IF(AG12=$R39,$V39*24,IF(AG12=$R40,$V40*24,""))))))))) | AH81: X
B82: NOCTURNIDAD | C82: =IF(C12=$R32,$BD32*24,IF(C12=$R33,$BD33*24,IF(C12=$R34,$BD34*24,IF(C12=$R35,$BD35*24,IF(C12=$R36,$BD36*24,IF(C12=$R37,$BD37*24,IF(C12=$R38,$BD38*24,IF(C12=$R39,$BD39*24,IF(C12=$R40,$BD40*24,""))))))))) | D82: =IF(D12=$R32,$BD32*24,IF(D12=$R33,$BD33*24,IF(D12=$R34,$BD34*24,IF(D12=$R35,$BD35*24,IF(D12=$R36,$BD36*24,IF(D12=$R37,$BD37*24,IF(D12=$R38,$BD38*24,IF(D12=$R39,$BD39*24,IF(D12=$R40,$BD40*24,""))))))))) -> 0 | E82: =IF(E12=$R32,$BD32*24,IF(E12=$R33,$BD33*24,IF(E12=$R34,$BD34*24,IF(E12=$R35,$BD35*24,IF(E12=$R36,$BD36*24,IF(E12=$R37,$BD37*24,IF(E12=$R38,$BD38*24,IF(E12=$R39,$BD39*24,IF(E12=$R40,$BD40*24,""))))))))) -> 0 | F82: =IF(F12=$R32,$BD32*24,IF(F12=$R33,$BD33*24,IF(F12=$R34,$BD34*24,IF(F12=$R35,$BD35*24,IF(F12=$R36,$BD36*24,IF(F12=$R37,$BD37*24,IF(F12=$R38,$BD38*24,IF(F12=$R39,$BD39*24,IF(F12=$R40,$BD40*24,""))))))))) | G82: =IF(G12=$R32,$BD32*24,IF(G12=$R33,$BD33*24,IF(G12=$R34,$BD34*24,IF(G12=$R35,$BD35*24,IF(G12=$R36,$BD36*24,IF(G12=$R37,$BD37*24,IF(G12=$R38,$BD38*24,IF(G12=$R39,$BD39*24,IF(G12=$R40,$BD40*24,""))))))))) | H82: =IF(H12=$R32,$BD32*24,IF(H12=$R33,$BD33*24,IF(H12=$R34,$BD34*24,IF(H12=$R35,$BD35*24,IF(H12=$R36,$BD36*24,IF(H12=$R37,$BD37*24,IF(H12=$R38,$BD38*24,IF(H12=$R39,$BD39*24,IF(H12=$R40,$BD40*24,""))))))))) -> 0 | I82: =IF(I12=$R32,$BD32*24,IF(I12=$R33,$BD33*24,IF(I12=$R34,$BD34*24,IF(I12=$R35,$BD35*24,IF(I12=$R36,$BD36*24,IF(I12=$R37,$BD37*24,IF(I12=$R38,$BD38*24,IF(I12=$R39,$BD39*24,IF(I12=$R40,$BD40*24,""))))))))) -> 0 | J82: =IF(J12=$R32,$BD32*24,IF(J12=$R33,$BD33*24,IF(J12=$R34,$BD34*24,IF(J12=$R35,$BD35*24,IF(J12=$R36,$BD36*24,IF(J12=$R37,$BD37*24,IF(J12=$R38,$BD38*24,IF(J12=$R39,$BD39*24,IF(J12=$R40,$BD40*24,""))))))))) -> 0 | ... AG82: =IF(AG12=$R32,$BD32*24,IF(AG12=$R33,$BD33*24,IF(AG12=$R34,$BD34*24,IF(AG12=$R35,$BD35*24,IF(AG12=$R36,$BD36*24,IF(AG12=$R37,$BD37*24,IF(AG12=$R38,$BD38*24,IF(AG12=$R39,$BD39*24,IF(AG12=$R40,$BD40*24,""))))))))) | AH82: =SUM(C82:AG82) -> 0
B83: VACACIONES | C83: =IF(C12="V",$C36,IF(C12="PR",$C38,0)) -> 0 | D83: =IF(D12="V",$C36,IF(D12="PR",$C38,0)) -> 0 | E83: =IF(E12="V",$C36,IF(E12="PR",$C38,0)) -> 0 | F83: =IF(F12="V",$C36,IF(F12="PR",$C38,0)) -> 0 | G83: =IF(G12="V",$C36,IF(G12="PR",$C38,0)) -> 0 | H83: =IF(H12="V",$C36,IF(H12="PR",$C38,0)) -> 0 | I83: =IF(I12="V",$C36,IF(I12="PR",$C38,0)) -> 0 | J83: =IF(J12="V",$C36,IF(J12="PR",$C38,0)) -> 0 | ... AG83: =IF(AG12="V",$C36,IF(AG12="PR",$C38,0)) -> 0 | AH83: =SUM(C83:AG83) -> 0 | AJ83: X
A84: HORAS | B84: SUMA HORAS | C84: =IF(C12=$R32,$BC32,IF(C12=$R33,$BC33,IF(C12=$R34,$BC34,IF(C12=$R35,$BC35,IF(C12=$R36,$BC36,IF(C12=$R37,$BC37,IF(C12=$R38,$BC38,IF(C12=$R39,$BC39,IF(C12=$R40,$BC40,0))))))))) -> 0 | D84: =IF(D12=$R32,$BC32,IF(D12=$R33,$BC33,IF(D12=$R34,$BC34,IF(D12=$R35,$BC35,IF(D12=$R36,$BC36,IF(D12=$R37,$BC37,IF(D12=$R38,$BC38,IF(D12=$R39,$BC39,IF(D12=$R40,$BC40,0))))))))) -> 12 | E84: =IF(E12=$R32,$BC32,IF(E12=$R33,$BC33,IF(E12=$R34,$BC34,IF(E12=$R35,$BC35,IF(E12=$R36,$BC36,IF(E12=$R37,$BC37,IF(E12=$R38,$BC38,IF(E12=$R39,$BC39,IF(E12=$R40,$BC40,0))))))))) -> 12 | F84: =IF(F12=$R32,$BC32,IF(F12=$R33,$BC33,IF(F12=$R34,$BC34,IF(F12=$R35,$BC35,IF(F12=$R36,$BC36,IF(F12=$R37,$BC37,IF(F12=$R38,$BC38,IF(F12=$R39,$BC39,IF(F12=$R40,$BC40,0))))))))) -> 0 | G84: =IF(G12=$R32,$BC32,IF(G12=$R33,$BC33,IF(G12=$R34,$BC34,IF(G12=$R35,$BC35,IF(G12=$R36,$BC36,IF(G12=$R37,$BC37,IF(G12=$R38,$BC38,IF(G12=$R39,$BC39,IF(G12=$R40,$BC40,0))))))))) -> 0 | H84: =IF(H12=$R32,$BC32,IF(H12=$R33,$BC33,IF(H12=$R34,$BC34,IF(H12=$R35,$BC35,IF(H12=$R36,$BC36,IF(H12=$R37,$BC37,IF(H12=$R38,$BC38,IF(H12=$R39,$BC39,IF(H12=$R40,$BC40,0))))))))) -> 12 | I84: =IF(I12=$R32,$BC32,IF(I12=$R33,$BC33,IF(I12=$R34,$BC34,IF(I12=$R35,$BC35,IF(I12=$R36,$BC36,IF(I12=$R37,$BC37,IF(I12=$R38,$BC38,IF(I12=$R39,$BC39,IF(I12=$R40,$BC40,0))))))))) -> 12 | J84: =IF(J12=$R32,$BC32,IF(J12=$R33,$BC33,IF(J12=$R34,$BC34,IF(J12=$R35,$BC35,IF(J12=$R36,$BC36,IF(J12=$R37,$BC37,IF(J12=$R38,$BC38,IF(J12=$R39,$BC39,IF(J12=$R40,$BC40,0))))))))) -> 12 | ... AG84: =IF(AG12=$R32,$BC32,IF(AG12=$R33,$BC33,IF(AG12=$R34,$BC34,IF(AG12=$R35,$BC35,IF(AG12=$R36,$BC36,IF(AG12=$R37,$BC37,IF(AG12=$R38,$BC38,IF(AG12=$R39,$BC39,IF(AG12=$R40,$BC40,0))))))))) -> 0 | AH84: =SUM(C84:AG84) -> 168 | AJ84: h | AK84: X
A85: FESTIVOS | B85: DIA | C85: =IF(C46=1,IF(C80<C81,C84,0)) -> 0 | D85: =IF(D46=1,IF(D80<D81,D84,0)) -> FALSE | E85: =IF(E46=1,IF(E80<E81,E84,0)) -> FALSE | F85: =IF(F46=1,IF(F80<F81,F84,0)) -> FALSE | G85: =IF(G46=1,IF(G80<G81,G84,0)) -> FALSE | H85: =IF(H46=1,IF(H80<H81,H84,0)) -> FALSE | I85: =IF(I46=1,IF(I80<I81,I84,0)) -> 12 | J85: =IF(J46=1,IF(J80<J81,J84,0)) -> 12 | ... AG85: =IF(AG46=1,IF(AG80<AG81,AG84,0)) -> FALSE | AH85: X
B86: NOCHE 1 | C86: =IF(C46=1,IF(C80>C81,24-C80,0),0) -> 0 | D86: =IF(D46=1,IF(D80>D81,24-D80,0),0) -> 0 | E86: =IF(E46=1,IF(E80>E81,24-E80,0),0) -> 0 | F86: =IF(F46=1,IF(F80>F81,24-F80,0),0) -> 0 | G86: =IF(G46=1,IF(G80>G81,24-G80,0),0) -> 0 | H86: =IF(H46=1,IF(H80>H81,24-H80,0),0) -> 0 | I86: =IF(I46=1,IF(I80>I81,24-I80,0),0) -> 0 | J86: =IF(J46=1,IF(J80>J81,24-J80,0),0) -> 0 | ... AG86: =IF(AG46=1,IF(AG80>AG81,24-AG80,0),0) -> 0 | AH86: X
B87: NOCHE 2 | C87: =IF(D46=1,IF(C80>C81,C81,0),0) -> 0 | D87: =IF(E46=1,IF(D80>D81,D81,0),0) -> 0 | E87: =IF(F46=1,IF(E80>E81,E81,0),0) -> 0 | F87: =IF(G46=1,IF(F80>F81,F81,0),0) -> 0 | G87: =IF(H46=1,IF(G80>G81,G81,0),0) -> 0 | H87: =IF(I46=1,IF(H80>H81,H81,0),0) -> 0 | I87: =IF(J46=1,IF(I80>I81,I81,0),0) -> 0 | J87: =IF(K46=1,IF(J80>J81,J81,0),0) -> 0 | ... AG87: =IF(AH46=1,IF(AG80>AG81,AG81,0),0) -> 0 | AH87: X
B88: SUMA FESTIVOS | C88: =SUM(C85:C87) -> 0 | D88: =SUM(D85:D87) -> 0 | E88: =SUM(E85:E87) -> 0 | F88: =SUM(F85:F87) -> 0 | G88: =SUM(G85:G87) -> 0 | H88: =SUM(H85:H87) -> 0 | I88: =SUM(I85:I87) -> 12 | J88: =SUM(J85:J87) -> 12 | ... AG88: =SUM(AG85:AG87) -> 0 | AH88: X
B89: SUMA VACACIONES | C89: =IF(C12="V",IF(C12="",0,1),0) -> 0 | D89: =IF(D12="V",IF(D12="",0,1),0) -> 0 | E89: =IF(E12="V",IF(E12="",0,1),0) -> 0 | F89: =IF(F12="V",IF(F12="",0,1),0) -> 0 | G89: =IF(G12="V",IF(G12="",0,1),0) -> 0 | H89: =IF(H12="V",IF(H12="",0,1),0) -> 0 | I89: =IF(I12="V",IF(I12="",0,1),0) -> 0 | J89: =IF(J12="V",IF(J12="",0,1),0) -> 0 | ... AG89: =IF(AG12="V",IF(AG12="",0,1),0) -> 0
B90: PR | C90: =IF(C12="PR",IF(C12="",0,1),0) -> 0 | D90: =IF(D12="PR",IF(D12="",0,1),0) -> 0 | E90: =IF(E12="PR",IF(E12="",0,1),0) -> 0 | F90: =IF(F12="PR",IF(F12="",0,1),0) -> 0 | G90: =IF(G12="PR",IF(G12="",0,1),0) -> 0 | H90: =IF(H12="PR",IF(H12="",0,1),0) -> 0 | I90: =IF(I12="PR",IF(I12="",0,1),0) -> 0 | J90: =IF(J12="PR",IF(J12="",0,1),0) -> 0 | ... AG90: =IF(AG12="PR",IF(AG12="",0,1),0) -> 0 | AH90: =SUM(C90:AG90) -> 0 | AJ90: pr
A91: VS5 | B91: ENTRADA | C91: =IF(C13=$R32,$S32*24,IF(C13=$R33,$S33*24,IF(C13=$R34,$S34*24,IF(C13=$R35,$S35*24,IF(C13=$R36,$S36*24,IF(C13=$R37,$S37*24,IF(C13=$R38,$S38*24,IF(C13=$R39,$S39*24,IF(C13=$R40,$S40*24,""))))))))) | D91: =IF(D13=$R32,$S32*24,IF(D13=$R33,$S33*24,IF(D13=$R34,$S34*24,IF(D13=$R35,$S35*24,IF(D13=$R36,$S36*24,IF(D13=$R37,$S37*24,IF(D13=$R38,$S38*24,IF(D13=$R39,$S39*24,IF(D13=$R40,$S40*24,""))))))))) | E91: =IF(E13=$R32,$S32*24,IF(E13=$R33,$S33*24,IF(E13=$R34,$S34*24,IF(E13=$R35,$S35*24,IF(E13=$R36,$S36*24,IF(E13=$R37,$S37*24,IF(E13=$R38,$S38*24,IF(E13=$R39,$S39*24,IF(E13=$R40,$S40*24,""))))))))) | F91: =IF(F13=$R32,$S32*24,IF(F13=$R33,$S33*24,IF(F13=$R34,$S34*24,IF(F13=$R35,$S35*24,IF(F13=$R36,$S36*24,IF(F13=$R37,$S37*24,IF(F13=$R38,$S38*24,IF(F13=$R39,$S39*24,IF(F13=$R40,$S40*24,""))))))))) | G91: =IF(G13=$R32,$S32*24,IF(G13=$R33,$S33*24,IF(G13=$R34,$S34*24,IF(G13=$R35,$S35*24,IF(G13=$R36,$S36*24,IF(G13=$R37,$S37*24,IF(G13=$R38,$S38*24,IF(G13=$R39,$S39*24,IF(G13=$R40,$S40*24,""))))))))) | H91: =IF(H13=$R32,$S32*24,IF(H13=$R33,$S33*24,IF(H13=$R34,$S34*24,IF(H13=$R35,$S35*24,IF(H13=$R36,$S36*24,IF(H13=$R37,$S37*24,IF(H13=$R38,$S38*24,IF(H13=$R39,$S39*24,IF(H13=$R40,$S40*24,""))))))))) | I91: =IF(I13=$R32,$S32*24,IF(I13=$R33,$S33*24,IF(I13=$R34,$S34*24,IF(I13=$R35,$S35*24,IF(I13=$R36,$S36*24,IF(I13=$R37,$S37*24,IF(I13=$R38,$S38*24,IF(I13=$R39,$S39*24,IF(I13=$R40,$S40*24,""))))))))) | J91: =IF(J13=$R32,$S32*24,IF(J13=$R33,$S33*24,IF(J13=$R34,$S34*24,IF(J13=$R35,$S35*24,IF(J13=$R36,$S36*24,IF(J13=$R37,$S37*24,IF(J13=$R38,$S38*24,IF(J13=$R39,$S39*24,IF(J13=$R40,$S40*24,""))))))))) | ... AG91: =IF(AG13=$R32,$S32*24,IF(AG13=$R33,$S33*24,IF(AG13=$R34,$S34*24,IF(AG13=$R35,$S35*24,IF(AG13=$R36,$S36*24,IF(AG13=$R37,$S37*24,IF(AG13=$R38,$S38*24,IF(AG13=$R39,$S39*24,IF(AG13=$R40,$S40*24,""))))))))) | AH91: X
A92: C13 | B92: SALIDA | C92: =IF(C13=$R32,$V32*24,IF(C13=$R33,$V33*24,IF(C13=$R34,$V34*24,IF(C13=$R35,$V35*24,IF(C13=$R36,$V36*24,IF(C13=$R37,$V37*24,IF(C13=$R38,$V38*24,IF(C13=$R39,$V39*24,IF(C13=$R40,$V40*24,""))))))))) | D92: =IF(D13=$R32,$V32*24,IF(D13=$R33,$V33*24,IF(D13=$R34,$V34*24,IF(D13=$R35,$V35*24,IF(D13=$R36,$V36*24,IF(D13=$R37,$V37*24,IF(D13=$R38,$V38*24,IF(D13=$R39,$V39*24,IF(D13=$R40,$V40*24,""))))))))) | E92: =IF(E13=$R32,$V32*24,IF(E13=$R33,$V33*24,IF(E13=$R34,$V34*24,IF(E13=$R35,$V35*24,IF(E13=$R36,$V36*24,IF(E13=$R37,$V37*24,IF(E13=$R38,$V38*24,IF(E13=$R39,$V39*24,IF(E13=$R40,$V40*24,""))))))))) | F92: =IF(F13=$R32,$V32*24,IF(F13=$R33,$V33*24,IF(F13=$R34,$V34*24,IF(F13=$R35,$V35*24,IF(F13=$R36,$V36*24,IF(F13=$R37,$V37*24,IF(F13=$R38,$V38*24,IF(F13=$R39,$V39*24,IF(F13=$R40,$V40*24,""))))))))) | G92: =IF(G13=$R32,$V32*24,IF(G13=$R33,$V33*24,IF(G13=$R34,$V34*24,IF(G13=$R35,$V35*24,IF(G13=$R36,$V36*24,IF(G13=$R37,$V37*24,IF(G13=$R38,$V38*24,IF(G13=$R39,$V39*24,IF(G13=$R40,$V40*24,""))))))))) | H92: =IF(H13=$R32,$V32*24,IF(H13=$R33,$V33*24,IF(H13=$R34,$V34*24,IF(H13=$R35,$V35*24,IF(H13=$R36,$V36*24,IF(H13=$R37,$V37*24,IF(H13=$R38,$V38*24,IF(H13=$R39,$V39*24,IF(H13=$R40,$V40*24,""))))))))) | I92: =IF(I13=$R32,$V32*24,IF(I13=$R33,$V33*24,IF(I13=$R34,$V34*24,IF(I13=$R35,$V35*24,IF(I13=$R36,$V36*24,IF(I13=$R37,$V37*24,IF(I13=$R38,$V38*24,IF(I13=$R39,$V39*24,IF(I13=$R40,$V40*24,""))))))))) | J92: =IF(J13=$R32,$V32*24,IF(J13=$R33,$V33*24,IF(J13=$R34,$V34*24,IF(J13=$R35,$V35*24,IF(J13=$R36,$V36*24,IF(J13=$R37,$V37*24,IF(J13=$R38,$V38*24,IF(J13=$R39,$V39*24,IF(J13=$R40,$V40*24,""))))))))) | ... AG92: =IF(AG13=$R32,$V32*24,IF(AG13=$R33,$V33*24,IF(AG13=$R34,$V34*24,IF(AG13=$R35,$V35*24,IF(AG13=$R36,$V36*24,IF(AG13=$R37,$V37*24,IF(AG13=$R38,$V38*24,IF(AG13=$R39,$V39*24,IF(AG13=$R40,$V40*24,""))))))))) | AH92: X
B93: NOCTURNIDAD | C93: =IF(C13=$R32,$BD32*24,IF(C13=$R33,$BD33*24,IF(C13=$R34,$BD34*24,IF(C13=$R35,$BD35*24,IF(C13=$R36,$BD36*24,IF(C13=$R37,$BD37*24,IF(C13=$R38,$BD38*24,IF(C13=$R39,$BD39*24,IF(C13=$R40,$BD40*24,""))))))))) | D93: =IF(D13=$R32,$BD32*24,IF(D13=$R33,$BD33*24,IF(D13=$R34,$BD34*24,IF(D13=$R35,$BD35*24,IF(D13=$R36,$BD36*24,IF(D13=$R37,$BD37*24,IF(D13=$R38,$BD38*24,IF(D13=$R39,$BD39*24,IF(D13=$R40,$BD40*24,""))))))))) | E93: =IF(E13=$R32,$BD32*24,IF(E13=$R33,$BD33*24,IF(E13=$R34,$BD34*24,IF(E13=$R35,$BD35*24,IF(E13=$R36,$BD36*24,IF(E13=$R37,$BD37*24,IF(E13=$R38,$BD38*24,IF(E13=$R39,$BD39*24,IF(E13=$R40,$BD40*24,""))))))))) | F93: =IF(F13=$R32,$BD32*24,IF(F13=$R33,$BD33*24,IF(F13=$R34,$BD34*24,IF(F13=$R35,$BD35*24,IF(F13=$R36,$BD36*24,IF(F13=$R37,$BD37*24,IF(F13=$R38,$BD38*24,IF(F13=$R39,$BD39*24,IF(F13=$R40,$BD40*24,""))))))))) | G93: =IF(G13=$R32,$BD32*24,IF(G13=$R33,$BD33*24,IF(G13=$R34,$BD34*24,IF(G13=$R35,$BD35*24,IF(G13=$R36,$BD36*24,IF(G13=$R37,$BD37*24,IF(G13=$R38,$BD38*24,IF(G13=$R39,$BD39*24,IF(G13=$R40,$BD40*24,""))))))))) | H93: =IF(H13=$R32,$BD32*24,IF(H13=$R33,$BD33*24,IF(H13=$R34,$BD34*24,IF(H13=$R35,$BD35*24,IF(H13=$R36,$BD36*24,IF(H13=$R37,$BD37*24,IF(H13=$R38,$BD38*24,IF(H13=$R39,$BD39*24,IF(H13=$R40,$BD40*24,""))))))))) | I93: =IF(I13=$R32,$BD32*24,IF(I13=$R33,$BD33*24,IF(I13=$R34,$BD34*24,IF(I13=$R35,$BD35*24,IF(I13=$R36,$BD36*24,IF(I13=$R37,$BD37*24,IF(I13=$R38,$BD38*24,IF(I13=$R39,$BD39*24,IF(I13=$R40,$BD40*24,""))))))))) | J93: =IF(J13=$R32,$BD32*24,IF(J13=$R33,$BD33*24,IF(J13=$R34,$BD34*24,IF(J13=$R35,$BD35*24,IF(J13=$R36,$BD36*24,IF(J13=$R37,$BD37*24,IF(J13=$R38,$BD38*24,IF(J13=$R39,$BD39*24,IF(J13=$R40,$BD40*24,""))))))))) | ... AG93: =IF(AG13=$R32,$BD32*24,IF(AG13=$R33,$BD33*24,IF(AG13=$R34,$BD34*24,IF(AG13=$R35,$BD35*24,IF(AG13=$R36,$BD36*24,IF(AG13=$R37,$BD37*24,IF(AG13=$R38,$BD38*24,IF(AG13=$R39,$BD39*24,IF(AG13=$R40,$BD40*24,""))))))))) | AH93: =SUM(C93:AG93) -> 0
B94: VACACIONES | C94: =IF(C13="V",$C36,IF(C13="PR",$C38,0)) -> 0 | D94: =IF(D13="V",$C36,IF(D13="PR",$C38,0)) -> 0 | E94: =IF(E13="V",$C36,IF(E13="PR",$C38,0)) -> 0 | F94: =IF(F13="V",$C36,IF(F13="PR",$C38,0)) -> 0 | G94: =IF(G13="V",$C36,IF(G13="PR",$C38,0)) -> 0 | H94: =IF(H13="V",$C36,IF(H13="PR",$C38,0)) -> 0 | I94: =IF(I13="V",$C36,IF(I13="PR",$C38,0)) -> 0 | J94: =IF(J13="V",$C36,IF(J13="PR",$C38,0)) -> 0 | ... AG94: =IF(AG13="V",$C36,IF(AG13="PR",$C38,0)) -> 0 | AH94: =SUM(C94:AG94) -> 0 | AJ94: X
A95: HORAS | B95: SUMA HORAS | C95: =IF(C13=$R32,$BC32,IF(C13=$R33,$BC33,IF(C13=$R34,$BC34,IF(C13=$R35,$BC35,IF(C13=$R36,$BC36,IF(C13=$R37,$BC37,IF(C13=$R38,$BC38,IF(C13=$R39,$BC39,IF(C13=$R40,$BC40,0))))))))) -> 0 | D95: =IF(D13=$R32,$BC32,IF(D13=$R33,$BC33,IF(D13=$R34,$BC34,IF(D13=$R35,$BC35,IF(D13=$R36,$BC36,IF(D13=$R37,$BC37,IF(D13=$R38,$BC38,IF(D13=$R39,$BC39,IF(D13=$R40,$BC40,0))))))))) -> 0 | E95: =IF(E13=$R32,$BC32,IF(E13=$R33,$BC33,IF(E13=$R34,$BC34,IF(E13=$R35,$BC35,IF(E13=$R36,$BC36,IF(E13=$R37,$BC37,IF(E13=$R38,$BC38,IF(E13=$R39,$BC39,IF(E13=$R40,$BC40,0))))))))) -> 0 | F95: =IF(F13=$R32,$BC32,IF(F13=$R33,$BC33,IF(F13=$R34,$BC34,IF(F13=$R35,$BC35,IF(F13=$R36,$BC36,IF(F13=$R37,$BC37,IF(F13=$R38,$BC38,IF(F13=$R39,$BC39,IF(F13=$R40,$BC40,0))))))))) -> 0 | G95: =IF(G13=$R32,$BC32,IF(G13=$R33,$BC33,IF(G13=$R34,$BC34,IF(G13=$R35,$BC35,IF(G13=$R36,$BC36,IF(G13=$R37,$BC37,IF(G13=$R38,$BC38,IF(G13=$R39,$BC39,IF(G13=$R40,$BC40,0))))))))) -> 0 | H95: =IF(H13=$R32,$BC32,IF(H13=$R33,$BC33,IF(H13=$R34,$BC34,IF(H13=$R35,$BC35,IF(H13=$R36,$BC36,IF(H13=$R37,$BC37,IF(H13=$R38,$BC38,IF(H13=$R39,$BC39,IF(H13=$R40,$BC40,0))))))))) -> 0 | I95: =IF(I13=$R32,$BC32,IF(I13=$R33,$BC33,IF(I13=$R34,$BC34,IF(I13=$R35,$BC35,IF(I13=$R36,$BC36,IF(I13=$R37,$BC37,IF(I13=$R38,$BC38,IF(I13=$R39,$BC39,IF(I13=$R40,$BC40,0))))))))) -> 0 | J95: =IF(J13=$R32,$BC32,IF(J13=$R33,$BC33,IF(J13=$R34,$BC34,IF(J13=$R35,$BC35,IF(J13=$R36,$BC36,IF(J13=$R37,$BC37,IF(J13=$R38,$BC38,IF(J13=$R39,$BC39,IF(J13=$R40,$BC40,0))))))))) -> 0 | ... AG95: =IF(AG13=$R32,$BC32,IF(AG13=$R33,$BC33,IF(AG13=$R34,$BC34,IF(AG13=$R35,$BC35,IF(AG13=$R36,$BC36,IF(AG13=$R37,$BC37,IF(AG13=$R38,$BC38,IF(AG13=$R39,$BC39,IF(AG13=$R40,$BC40,0))))))))) -> 0 | AH95: =SUM(C95:AG95) -> 0 | AJ95: h | AK95: X
A96: FESTIVOS | B96: DIA | C96: =IF(C46=1,IF(C91<C92,C95,0)) -> 0 | D96: =IF(D46=1,IF(D91<D92,D95,0)) -> FALSE | E96: =IF(E46=1,IF(E91<E92,E95,0)) -> FALSE | F96: =IF(F46=1,IF(F91<F92,F95,0)) -> FALSE | G96: =IF(G46=1,IF(G91<G92,G95,0)) -> FALSE | H96: =IF(H46=1,IF(H91<H92,H95,0)) -> FALSE | I96: =IF(I46=1,IF(I91<I92,I95,0)) -> 0 | J96: =IF(J46=1,IF(J91<J92,J95,0)) -> 0 | ... AG96: =IF(AG46=1,IF(AG91<AG92,AG95,0)) -> FALSE | AH96: X
B97: NOCHE 1 | C97: =IF(C46=1,IF(C91>C92,24-C91,0),0) -> 0 | D97: =IF(D46=1,IF(D91>D92,24-D91,0),0) -> 0 | E97: =IF(E46=1,IF(E91>E92,24-E91,0),0) -> 0 | F97: =IF(F46=1,IF(F91>F92,24-F91,0),0) -> 0 | G97: =IF(G46=1,IF(G91>G92,24-G91,0),0) -> 0 | H97: =IF(H46=1,IF(H91>H92,24-H91,0),0) -> 0 | I97: =IF(I46=1,IF(I91>I92,24-I91,0),0) -> 0 | J97: =IF(J46=1,IF(J91>J92,24-J91,0),0) -> 0 | ... AG97: =IF(AG46=1,IF(AG91>AG92,24-AG91,0),0) -> 0 | AH97: X
B98: NOCHE 2 | C98: =IF(D46=1,IF(C91>C92,C92,0),0) -> 0 | D98: =IF(E46=1,IF(D91>D92,D92,0),0) -> 0 | E98: =IF(F46=1,IF(E91>E92,E92,0),0) -> 0 | F98: =IF(G46=1,IF(F91>F92,F92,0),0) -> 0 | G98: =IF(H46=1,IF(G91>G92,G92,0),0) -> 0 | H98: =IF(I46=1,IF(H91>H92,H92,0),0) -> 0 | I98: =IF(J46=1,IF(I91>I92,I92,0),0) -> 0 | J98: =IF(K46=1,IF(J91>J92,J92,0),0) -> 0 | ... AG98: =IF(AH46=1,IF(AG91>AG92,AG92,0),0) -> 0 | AH98: X
B99: SUMA FESTIVOS | C99: =SUM(C96:C98) -> 0 | D99: =SUM(D96:D98) -> 0 | E99: =SUM(E96:E98) -> 0 | F99: =SUM(F96:F98) -> 0 | G99: =SUM(G96:G98) -> 0 | H99: =SUM(H96:H98) -> 0 | I99: =SUM(I96:I98) -> 0 | J99: =SUM(J96:J98) -> 0 | ... AG99: =SUM(AG96:AG98) -> 0 | AH99: X
B100: SUMA VACACIONES | C100: =IF(C13="V",IF(C13="",0,1),0) -> 0 | D100: =IF(D13="V",IF(D13="",0,1),0) -> 0 | E100: =IF(E13="V",IF(E13="",0,1),0) -> 0 | F100: =IF(F13="V",IF(F13="",0,1),0) -> 0 | G100: =IF(G13="V",IF(G13="",0,1),0) -> 0 | H100: =IF(H13="V",IF(H13="",0,1),0) -> 0 | I100: =IF(I13="V",IF(I13="",0,1),0) -> 0 | J100: =IF(J13="V",IF(J13="",0,1),0) -> 0 | ... AG100: =IF(AG13="V",IF(AG13="",0,1),0) -> 0 | AH100: X
B101: PR | C101: =IF(C13="PR",IF(C13="",0,1),0) -> 0 | D101: =IF(D13="PR",IF(D13="",0,1),0) -> 0 | E101: =IF(E13="PR",IF(E13="",0,1),0) -> 0 | F101: =IF(F13="PR",IF(F13="",0,1),0) -> 0 | G101: =IF(G13="PR",IF(G13="",0,1),0) -> 0 | H101: =IF(H13="PR",IF(H13="",0,1),0) -> 0 | I101: =IF(I13="PR",IF(I13="",0,1),0) -> 0 | J101: =IF(J13="PR",IF(J13="",0,1),0) -> 0 | ... AG101: =IF(AG13="PR",IF(AG13="",0,1),0) -> 0 | AH101: =SUM(C101:AG101) -> 0 | AJ101: pr
A102: VS6 | B102: ENTRADA | C102: =IF(C14=$R32,$S32*24,IF(C14=$R33,$S33*24,IF(C14=$R34,$S34*24,IF(C14=$R35,$S35*24,IF(C14=$R36,$S36*24,IF(C14=$R37,$S37*24,IF(C14=$R38,$S38*24,IF(C14=$R39,$S39*24,IF(C14=$R40,$S40*24,""))))))))) | D102: =IF(D14=$R32,$S32*24,IF(D14=$R33,$S33*24,IF(D14=$R34,$S34*24,IF(D14=$R35,$S35*24,IF(D14=$R36,$S36*24,IF(D14=$R37,$S37*24,IF(D14=$R38,$S38*24,IF(D14=$R39,$S39*24,IF(D14=$R40,$S40*24,""))))))))) -> 6 | E102: =IF(E14=$R32,$S32*24,IF(E14=$R33,$S33*24,IF(E14=$R34,$S34*24,IF(E14=$R35,$S35*24,IF(E14=$R36,$S36*24,IF(E14=$R37,$S37*24,IF(E14=$R38,$S38*24,IF(E14=$R39,$S39*24,IF(E14=$R40,$S40*24,""))))))))) -> 6 | F102: =IF(F14=$R32,$S32*24,IF(F14=$R33,$S33*24,IF(F14=$R34,$S34*24,IF(F14=$R35,$S35*24,IF(F14=$R36,$S36*24,IF(F14=$R37,$S37*24,IF(F14=$R38,$S38*24,IF(F14=$R39,$S39*24,IF(F14=$R40,$S40*24,""))))))))) | G102: =IF(G14=$R32,$S32*24,IF(G14=$R33,$S33*24,IF(G14=$R34,$S34*24,IF(G14=$R35,$S35*24,IF(G14=$R36,$S36*24,IF(G14=$R37,$S37*24,IF(G14=$R38,$S38*24,IF(G14=$R39,$S39*24,IF(G14=$R40,$S40*24,""))))))))) | H102: =IF(H14=$R32,$S32*24,IF(H14=$R33,$S33*24,IF(H14=$R34,$S34*24,IF(H14=$R35,$S35*24,IF(H14=$R36,$S36*24,IF(H14=$R37,$S37*24,IF(H14=$R38,$S38*24,IF(H14=$R39,$S39*24,IF(H14=$R40,$S40*24,""))))))))) -> 6 | I102: =IF(I14=$R32,$S32*24,IF(I14=$R33,$S33*24,IF(I14=$R34,$S34*24,IF(I14=$R35,$S35*24,IF(I14=$R36,$S36*24,IF(I14=$R37,$S37*24,IF(I14=$R38,$S38*24,IF(I14=$R39,$S39*24,IF(I14=$R40,$S40*24,""))))))))) -> 6 | J102: =IF(J14=$R32,$S32*24,IF(J14=$R33,$S33*24,IF(J14=$R34,$S34*24,IF(J14=$R35,$S35*24,IF(J14=$R36,$S36*24,IF(J14=$R37,$S37*24,IF(J14=$R38,$S38*24,IF(J14=$R39,$S39*24,IF(J14=$R40,$S40*24,""))))))))) -> 6 | ... AG102: =IF(AG14=$R32,$S32*24,IF(AG14=$R33,$S33*24,IF(AG14=$R34,$S34*24,IF(AG14=$R35,$S35*24,IF(AG14=$R36,$S36*24,IF(AG14=$R37,$S37*24,IF(AG14=$R38,$S38*24,IF(AG14=$R39,$S39*24,IF(AG14=$R40,$S40*24,""))))))))) | AH102: X
A103: C14 | B103: SALIDA | C103: =IF(C14=$R32,$V32*24,IF(C14=$R33,$V33*24,IF(C14=$R34,$V34*24,IF(C14=$R35,$V35*24,IF(C14=$R36,$V36*24,IF(C14=$R37,$V37*24,IF(C14=$R38,$V38*24,IF(C14=$R39,$V39*24,IF(C14=$R40,$V40*24,""))))))))) | D103: =IF(D14=$R32,$V32*24,IF(D14=$R33,$V33*24,IF(D14=$R34,$V34*24,IF(D14=$R35,$V35*24,IF(D14=$R36,$V36*24,IF(D14=$R37,$V37*24,IF(D14=$R38,$V38*24,IF(D14=$R39,$V39*24,IF(D14=$R40,$V40*24,""))))))))) -> 18 | E103: =IF(E14=$R32,$V32*24,IF(E14=$R33,$V33*24,IF(E14=$R34,$V34*24,IF(E14=$R35,$V35*24,IF(E14=$R36,$V36*24,IF(E14=$R37,$V37*24,IF(E14=$R38,$V38*24,IF(E14=$R39,$V39*24,IF(E14=$R40,$V40*24,""))))))))) -> 18 | F103: =IF(F14=$R32,$V32*24,IF(F14=$R33,$V33*24,IF(F14=$R34,$V34*24,IF(F14=$R35,$V35*24,IF(F14=$R36,$V36*24,IF(F14=$R37,$V37*24,IF(F14=$R38,$V38*24,IF(F14=$R39,$V39*24,IF(F14=$R40,$V40*24,""))))))))) | G103: =IF(G14=$R32,$V32*24,IF(G14=$R33,$V33*24,IF(G14=$R34,$V34*24,IF(G14=$R35,$V35*24,IF(G14=$R36,$V36*24,IF(G14=$R37,$V37*24,IF(G14=$R38,$V38*24,IF(G14=$R39,$V39*24,IF(G14=$R40,$V40*24,""))))))))) | H103: =IF(H14=$R32,$V32*24,IF(H14=$R33,$V33*24,IF(H14=$R34,$V34*24,IF(H14=$R35,$V35*24,IF(H14=$R36,$V36*24,IF(H14=$R37,$V37*24,IF(H14=$R38,$V38*24,IF(H14=$R39,$V39*24,IF(H14=$R40,$V40*24,""))))))))) -> 18 | I103: =IF(I14=$R32,$V32*24,IF(I14=$R33,$V33*24,IF(I14=$R34,$V34*24,IF(I14=$R35,$V35*24,IF(I14=$R36,$V36*24,IF(I14=$R37,$V37*24,IF(I14=$R38,$V38*24,IF(I14=$R39,$V39*24,IF(I14=$R40,$V40*24,""))))))))) -> 18 | J103: =IF(J14=$R32,$V32*24,IF(J14=$R33,$V33*24,IF(J14=$R34,$V34*24,IF(J14=$R35,$V35*24,IF(J14=$R36,$V36*24,IF(J14=$R37,$V37*24,IF(J14=$R38,$V38*24,IF(J14=$R39,$V39*24,IF(J14=$R40,$V40*24,""))))))))) -> 18 | ... AG103: =IF(AG14=$R32,$V32*24,IF(AG14=$R33,$V33*24,IF(AG14=$R34,$V34*24,IF(AG14=$R35,$V35*24,IF(AG14=$R36,$V36*24,IF(AG14=$R37,$V37*24,IF(AG14=$R38,$V38*24,IF(AG14=$R39,$V39*24,IF(AG14=$R40,$V40*24,""))))))))) | AH103: X
B104: NOCTURNIDAD | C104: =IF(C14=$R32,$BD32*24,IF(C14=$R33,$BD33*24,IF(C14=$R34,$BD34*24,IF(C14=$R35,$BD35*24,IF(C14=$R36,$BD36*24,IF(C14=$R37,$BD37*24,IF(C14=$R38,$BD38*24,IF(C14=$R39,$BD39*24,IF(C14=$R40,$BD40*24,""))))))))) | D104: =IF(D14=$R32,$BD32*24,IF(D14=$R33,$BD33*24,IF(D14=$R34,$BD34*24,IF(D14=$R35,$BD35*24,IF(D14=$R36,$BD36*24,IF(D14=$R37,$BD37*24,IF(D14=$R38,$BD38*24,IF(D14=$R39,$BD39*24,IF(D14=$R40,$BD40*24,""))))))))) -> 0 | E104: =IF(E14=$R32,$BD32*24,IF(E14=$R33,$BD33*24,IF(E14=$R34,$BD34*24,IF(E14=$R35,$BD35*24,IF(E14=$R36,$BD36*24,IF(E14=$R37,$BD37*24,IF(E14=$R38,$BD38*24,IF(E14=$R39,$BD39*24,IF(E14=$R40,$BD40*24,""))))))))) -> 0 | F104: =IF(F14=$R32,$BD32*24,IF(F14=$R33,$BD33*24,IF(F14=$R34,$BD34*24,IF(F14=$R35,$BD35*24,IF(F14=$R36,$BD36*24,IF(F14=$R37,$BD37*24,IF(F14=$R38,$BD38*24,IF(F14=$R39,$BD39*24,IF(F14=$R40,$BD40*24,""))))))))) | G104: =IF(G14=$R32,$BD32*24,IF(G14=$R33,$BD33*24,IF(G14=$R34,$BD34*24,IF(G14=$R35,$BD35*24,IF(G14=$R36,$BD36*24,IF(G14=$R37,$BD37*24,IF(G14=$R38,$BD38*24,IF(G14=$R39,$BD39*24,IF(G14=$R40,$BD40*24,""))))))))) | H104: =IF(H14=$R32,$BD32*24,IF(H14=$R33,$BD33*24,IF(H14=$R34,$BD34*24,IF(H14=$R35,$BD35*24,IF(H14=$R36,$BD36*24,IF(H14=$R37,$BD37*24,IF(H14=$R38,$BD38*24,IF(H14=$R39,$BD39*24,IF(H14=$R40,$BD40*24,""))))))))) -> 0 | I104: =IF(I14=$R32,$BD32*24,IF(I14=$R33,$BD33*24,IF(I14=$R34,$BD34*24,IF(I14=$R35,$BD35*24,IF(I14=$R36,$BD36*24,IF(I14=$R37,$BD37*24,IF(I14=$R38,$BD38*24,IF(I14=$R39,$BD39*24,IF(I14=$R40,$BD40*24,""))))))))) -> 0 | J104: =IF(J14=$R32,$BD32*24,IF(J14=$R33,$BD33*24,IF(J14=$R34,$BD34*24,IF(J14=$R35,$BD35*24,IF(J14=$R36,$BD36*24,IF(J14=$R37,$BD37*24,IF(J14=$R38,$BD38*24,IF(J14=$R39,$BD39*24,IF(J14=$R40,$BD40*24,""))))))))) -> 0 | ... AG104: =IF(AG14=$R32,$BD32*24,IF(AG14=$R33,$BD33*24,IF(AG14=$R34,$BD34*24,IF(AG14=$R35,$BD35*24,IF(AG14=$R36,$BD36*24,IF(AG14=$R37,$BD37*24,IF(AG14=$R38,$BD38*24,IF(AG14=$R39,$BD39*24,IF(AG14=$R40,$BD40*24,""))))))))) | AH104: =SUM(C104:AG104) -> 0
B105: VACACIONES | C105: =IF(C14="V",$C36,IF(C14="PR",$C38,0)) -> 0 | D105: =IF(D14="V",$C36,IF(D14="PR",$C38,0)) -> 0 | E105: =IF(E14="V",$C36,IF(E14="PR",$C38,0)) -> 0 | F105: =IF(F14="V",$C36,IF(F14="PR",$C38,0)) -> 0 | G105: =IF(G14="V",$C36,IF(G14="PR",$C38,0)) -> 0 | H105: =IF(H14="V",$C36,IF(H14="PR",$C38,0)) -> 0 | I105: =IF(I14="V",$C36,IF(I14="PR",$C38,0)) -> 0 | J105: =IF(J14="V",$C36,IF(J14="PR",$C38,0)) -> 0 | ... AG105: =IF(AG14="V",$C36,IF(AG14="PR",$C38,0)) -> 0 | AH105: =SUM(C105:AG105) -> 0 | AJ105: =SUM(AH50+AH61+AH72+AH83+AH94+AH105) -> 0 | AL105: t | AM105: X
...

Sheet MARZO
B3: =C32 -> EMPRESA
B4: =C33 -> CENTRO | Q4: =DATE($C$34,$C$35,1) -> 46082 | Z4: =SUM(AH51+AH62+AH73+AH84+AH95+AH106+AH117+AH128+AH139+AH150+AH161+AH172) -> 1736 | AC4: h. centro
AE5: =IF(CA59=28,IF(CA59="",0,1),IF(CA59=1,IF(CA59="",0,1),"")) | AF5: =IF(CA59=29,IF(CA59="",0,1),IF(CA59=1,IF(CA59="",0,1),"")) | AG5: =IF(CA59=30,IF(CA59="",0,1),IF(CA59=1,IF(CA59="",0,1),"")) | AH5: =IF(CA59=31,IF(CA59="",0,1),IF(CA59=1,IF(CA59="",0,1),"")) -> 1
B6: FESTIVO
B7: DIA SEM. | C7: =IF(AV47="LUNES","lu",IF(AV47="MARTES","ma",IF(AV47="MIERCOLES","mi",IF(AV47="JUEVES","ju",IF(AV47="VIERNES","vi",IF(AV47="SABADO","S",IF(AV47="DOMINGO","D",""))))))) -> D | D7: =IF(C7="lu","ma",IF(C7="ma","mi",IF(C7="mi","ju",IF(C7="ju","vi",IF(C7="vi","S",IF(C7="S","D",IF(C7="D","lu",""))))))) -> lu | E7: =IF(D7="lu","ma",IF(D7="ma","mi",IF(D7="mi","ju",IF(D7="ju","vi",IF(D7="vi","S",IF(D7="S","D",IF(D7="D","lu",""))))))) -> ma | F7: =IF(E7="lu","ma",IF(E7="ma","mi",IF(E7="mi","ju",IF(E7="ju","vi",IF(E7="vi","S",IF(E7="S","D",IF(E7="D","lu",""))))))) -> mi | G7: =IF(F7="lu","ma",IF(F7="ma","mi",IF(F7="mi","ju",IF(F7="ju","vi",IF(F7="vi","S",IF(F7="S","D",IF(F7="D","lu",""))))))) -> ju | H7: =IF(G7="lu","ma",IF(G7="ma","mi",IF(G7="mi","ju",IF(G7="ju","vi",IF(G7="vi","S",IF(G7="S","D",IF(G7="D","lu",""))))))) -> vi | I7: =IF(H7="lu","ma",IF(H7="ma","mi",IF(H7="mi","ju",IF(H7="ju","vi",IF(H7="vi","S",IF(H7="S","D",IF(H7="D","lu",""))))))) -> S | J7: =IF(I7="lu","ma",IF(I7="ma","mi",IF(I7="mi","ju",IF(I7="ju","vi",IF(I7="vi","S",IF(I7="S","D",IF(I7="D","lu",""))))))) -> D | K7: =IF(J7="lu","ma",IF(J7="ma","mi",IF(J7="mi","ju",IF(J7="ju","vi",IF(J7="vi","S",IF(J7="S","D",IF(J7="D","lu",""))))))) -> lu | ... AD7: =IF(AC7="lu","ma",IF(AC7="ma","mi",IF(AC7="mi","ju",IF(AC7="ju","vi",IF(AC7="vi","S",IF(AC7="S","D",IF(AC7="D","lu",""))))))) -> S | AE7: =IF(AE8="","",IF(AD7="lu","ma",IF(AD7="ma","mi",IF(AD7="mi","ju",IF(AD7="ju","vi",IF(AD7="vi","S",IF(AD7="S","D",IF(AD7="D","lu","")))))))) -> D | AF7: =IF(AF8="","",IF(AE7="lu","ma",IF(AE7="ma","mi",IF(AE7="mi","ju",IF(AE7="ju","vi",IF(AE7="vi","S",IF(AE7="S","D",IF(AE7="D","lu","")))))))) -> lu | AG7: =IF(AG8="","",IF(AF7="lu","ma",IF(AF7="ma","mi",IF(AF7="mi","ju",IF(AF7="ju","vi",IF(AF7="vi","S",IF(AF7="S","D",IF(AF7="D","lu","")))))))) -> ma
A8: VIGILANTE Nº | C8: 1 | D8: 2 | E8: 3 | F8: 4 | G8: 5 | H8: 6 | I8: 7 | J8: 8 | K8: 9 | L8: 10 | M8: 11 | N8: 12 | O8: 13 | P8: 14 | Q8: 15 | R8: 16 | S8: 17 | T8: 18 | U8: 19 | V8: 20 | W8: 21 | X8: 22 | Y8: 23 | Z8: 24 | AA8: 25 | AB8: 26 | AC8: 27 | AD8: 28 | AE8: =IF(CA59=28,"",IF(CA59=29,29,IF(CA59=30,29,IF(CA59=31,29,"")))) -> 29 | AF8: =IF(CA59=28,"",IF(CA59=29,"",IF(CA59=30,30,IF(CA59=31,30,"")))) -> 30 | AG8: =IF(CA59=28,"",IF(CA59=29,"",IF(CA59=30,"",IF(CA59=31,31,"")))) -> 31 | AH8: HORAS | AI8: EXT | AJ8: FES | AK8: NOC | AL8: DV
A9: JAVI | D9: N2 | E9: N2 | F9: N1 | K9: N3 | L9: N3 | M9: N2 | N9: N2 | R9: N2 | S9: N2 | U9: N3 | V9: N2 | W9: N2 | X9: N2 | Y9: N1 | AA9: N2 | AB9: N2 | AF9: N2 | AG9: N2 | AH9: =SUM(AH50:AH51) -> 204 | AI9: =AH9-C37 -> 42 | AJ9: =SUM(C55:AG55) -> 24 | AK9: =AK32 -> 144 | AL9: =SUM(C56:AG56) -> 0 | CB9: =ROUNDDOWN(AH9,0) -> 204 | CC9: =AH9-INT(AH9) -> 0 | CD9: =CC9/24 -> 0
A10: PAREDES | C10: N2 | F10: N2 | G10: N2 | K10: N2 | L10: N2 | O10: N2 | P10: N2 | Q10: N2 | T10: N2 | U10: N2 | Y10: N2 | Z10: N2 | AC10: N2 | AD10: N2 | AE10: N2 | AH10: =SUM(AH61:AH62) -> 180 | AI10: =AH10-C37 -> 18 | AJ10: =SUM(C66:AG66) -> 53 | AK10: =AK33 -> 120 | AL10: =SUM(C67:AG67) -> 0
A11: JUAN | C11: B | D11: B | E11: B | F11: B | G11: B | H11: B | I11: B | J11: B | K11: B | L11: B | M11: B | N11: B | O11: B | P11: B | Q11: B | R11: B | S11: B | T11: B | U11: B | V11: B | W11: B | X11: B | Y11: B | Z11: B | AA11: B | AB11: B | AC11: B | AD11: B | AE11: B | AF11: B | AG11: B | AH11: =SUM(AH72:AH73) -> 0 | AI11: =AH11-C37 -> -162 | AJ11: =SUM(C77:AG77) -> 0 | AK11: =AK34 -> 0 | AL11: =SUM(C78:AG78) -> 0
A12: MILOU | D12: D2 | E12: D2 | H12: D2 | I12: D2 | J12: D2 | M12: D2 | N12: D2 | R12: D2 | S12: D2 | AA12: D2 | AB12: D2 | AC12: D2 | AD12: D2 | AE12: D2 | AF12: D2 | AG12: D2 | AH12: =SUM(AH83:AH84) -> 192 | AI12: =AH12-C37 -> 30 | AJ12: =SUM(C88:AG88) -> 48 | AK12: =AK35 -> 0 | AL12: =SUM(C89:AG89) -> 0
A13: X | C13: N3 | F13: N3 | G13: N3 | H13: N3 | I13: N3 | J13: N3 | M13: N3 | N13: N3 | O13: N3 | P13: N3 | Q13: N3 | R13: N3 | S13: N3 | T13: N3 | Y13: N3 | Z13: N3 | AB13: N3 | AC13: N3 | AD13: N3 | AE13: N3 | AF13: N3 | AG13: N3 | AH13: =SUM(AH94:AH95) -> 176 | AI13: =AH13-C37 -> 14 | AJ13: =SUM(C99:AG99) -> 50 | AK13: =AK36 -> 176 | AL13: =SUM(C100:AG100) -> 0
A14: HIDALGO | D14: D1 | E14: D1 | H14: D1 | I14: D1 | J14: D1 | M14: D1 | N14: D1 | R14: D1 | S14: D1 | V14: D1 | W14: D1 | X14: D1 | Y14: D2 | AA14: D1 | AB14: D1 | AF14: D1 | AG14: D1 | AH14: =SUM(AH105:AH106) -> 204 | AI14: =AH14-C37 -> 42 | AJ14: =SUM(C110:AG110) -> 48 | AK14: =AK37 -> 0 | AL14: =SUM(C111:AG111) -> 0
A15: SAMUEL | C15: D2 | D15: N1 | E15: N1 | H15: N2 | I15: N2 | J15: N2 | K15: N1 | L15: N1 | M15: N1 | N15: N1 | O15: L | P15: L | Q15: L | T15: D2 | U15: D2 | V15: D2 | W15: D2 | X15: D2 | Z15: D2 | AA15: N1 | AC15: L | AD15: L | AE15: L | AF15: N1 | AG15: N1 | AH15: =SUM(AH116:AH117) -> 228 | AI15: =AH15-C37 -> 66 | AJ15: =SUM(C121:AG121) -> 60 | AK15: =AK38 -> 96 | AL15: =SUM(C122:AG122) -> 0
A16: PAREJO | C16: N1 | F16: D2 | G16: D2 | K16: D2 | L16: D2 | O16: D2 | P16: D2 | Q16: D2 | S16: N1 | T16: N1 | U16: N1 | V16: N1 | W16: N1 | X16: N1 | AA16: N3 | AB16: N1 | AH16: =SUM(AH127:AH128) -> 188 | AI16: =AH16-C37 -> 26 | AJ16: =SUM(C132:AG132) -> 54 | AK16: =AK39 -> 72 | AL16: =SUM(C133:AG133) -> 0
A17: PEDREÑO | D17: N3 | E17: N3 | G17: N1 | H17: N1 | I17: N1 | J17: N1 | O17: N1 | P17: N1 | Q17: N1 | R17: N1 | V17: N3 | W17: N3 | X17: N3 | Z17: N1 | AC17: N1 | AD17: N1 | AE17: N1 | AH17: =SUM(AH138:AH139) -> 184 | AI17: =AH17-C37 -> 22 | AJ17: =SUM(C143:AG143) -> 88 | AK17: =AK40 -> 136 | AL17: =SUM(C144:AG144) -> 0
A18: ENRIQUE | C18: D1 | F18: D1 | G18: D1 | K18: D1 | L18: D1 | O18: D1 | P18: D1 | Q18: D1 | T18: D1 | U18: D1 | Y18: D1 | Z18: D1 | AC18: D1 | AD18: D1 | AE18: D1 | AH18: =SUM(AH149:AH150) -> 180 | AI18: =AH18-C37 -> 18 | AJ18: =SUM(C154:AG154) -> 60 | AK18: =AK41 -> 0 | AL18: =SUM(C155:AG155) -> 0
AH19: =SUM(AH160:AH161) -> 0 | AI19: =AH19-C37 -> -162 | AJ19: =SUM(C165:AG165) -> 0 | AK19: =AK42 -> 0 | AL19: =SUM(C166:AG166) -> 0
AH20: =SUM(AH171:AH172) -> 0 | AI20: =AH20-C37 -> -162 | AJ20: =SUM(C176:AG176) -> 0 | AK20: =AK43 -> 0 | AL20: =SUM(C177:AG177) -> 0
B21: SUMAS | C21: =SUM(C51+C62+C73+C84+C95+C106+C117+C128+C139+C150+C161+C172) -> 56 | D21: =SUM(D51+D62+D73+D84+D95+D106+D117+D128+D139+D150+D161+D172) -> 56 | E21: =SUM(E51+E62+E73+E84+E95+E106+E117+E128+E139+E150+E161+E172) -> 56 | F21: =SUM(F51+F62+F73+F84+F95+F106+F117+F128+F139+F150+F161+F172) -> 56 | G21: =SUM(G51+G62+G73+G84+G95+G106+G117+G128+G139+G150+G161+G172) -> 56 | H21: =SUM(H51+H62+H73+H84+H95+H106+H117+H128+H139+H150+H161+H172) -> 56 | I21: =SUM(I51+I62+I73+I84+I95+I106+I117+I128+I139+I150+I161+I172) -> 56 | J21: =SUM(J51+J62+J73+J84+J95+J106+J117+J128+J139+J150+J161+J172) -> 56 | ... AG21: =SUM(AG51+AG62+AG73+AG84+AG95+AG106+AG117+AG128+AG139+AG150+AG161+AG172) -> 56
C23: TURNOS | J23: TURNOS | Q23: JORNADA PARTIDA | AQ23: 5 < 10 el 5 es menor que 10
C24: =R32 -> D1 | D24: =S32 -> 0.25 | F24: A | G24: =V32 -> 0.75 | J24: =R35 -> N2 | K24: =S35 -> 0.79166667 | M24: A | N24: =V35 -> 0.29166667 | Q24: =R38 -> G | T24: A | Y24: A | AG24: X | AH24: FESTIVO | AQ24: 10 > 3 el 10 es mayor que 3
C25: =R33 -> N1 | D25: =S33 -> 0.75 | F25: A | G25: =V33 -> 0.25 | J25: =R36 -> N3 | K25: =S36 -> 0.91666667 | M25: A | N25: =V36 -> 0.25 | Q25: =R39 -> H | T25: A | Y25: A | AG25: V | AH25: VACACIONES | AQ25: 1 > 0 1 es mayor que cero
C26: =R34 -> D2 | D26: =S34 -> 0.29166667 | F26: A | G26: =V34 -> 0.79166667 | J26: =R37 -> F | K26: =S37 -> 0.20833333 | M26: A | N26: =V37 -> 0.25 | Q26: =R40 -> I | T26: A | Y26: A | AG26: PR | AH26: P. RETRIBUIDO | AQ26: -5 < 0 negativo 5 es menor que cero
B29: NOTAS: | C29: =E43 -> *Aquí notas que se vean en el cuadrante...
AN30: AN | AP30: AP | AQ30: AQ | AX30: AX | AZ30: AZ | BD30: b
A31: CONFIGURACION CUADRANTE | R31: TURNOS | AD31: CALCULAR MINUTOS | AK31: NOC | AN31: NOCTUR. | AO31: T. HORAS | AP31: ENTRADA | AQ31: SALIDA | AR31: CONDICIONES DE NOCTURNIDAD | BA31: SUMA HR. | BB31: CALCULO HORAS | BD31: NOCTURNIDAD
A32: EMPRESA | C32: =CONTROL!B34 -> EMPRESA | R32: D1 | S32: 0.25 | U32: A | V32: 0.75 | AD32: MINUTOS | AH32: 0.5 | AI32: =AH32/24 -> 0.020833333 | AK32: =AH49 -> 144 | AL32: V1 | AN32: =IF(AS32/24=0,0,AS32/24) -> 0 | AO32: =IF(BA32=0,"",BA32) -> 0.5 | AP32: =S32*24 -> 6 | AQ32: =V32*24 -> 18 | AR32: =AS32 -> 0 | AS32: =IF(AV32>=4,AT32,AT32) -> 0 | AT32: =IF(AV32>8,8,AU32) -> 0 | AU32: =IF(AV32<0,0,AV32) -> 0 | AV32: =IF(AP32=AQ32,0,IF(AP32>AQ32,AW32,IF(AP32>=6,AX32,AQ32-AP32))) -> -12 | AW32: =IF(AP32<6,(AQ32-22+24)+(6-AP32),IF(AP32>=22,AY32,IF(AV2<=6,(AQ32-22)+24,8))) -> 20 | AX32: =IF(AQ32>22,AZ32,IF(AP32<AQ32,AP32-AQ32,IF(AP32>6,0,(6-AP32)))) -> -12 | AY32: =IF(AQ32<=6,(AQ32-AP32)+24,IF(AQ32>22,8,(6-AP32)+24)) -> 24 | AZ32: =IF(AP32<=6,(6-AP32)+(AQ32-22),IF(AP32>22,(AQ32-AP32),(AQ32-22))) -> -4 | BA32: =IF(V32-S32>=0,V32-S32,V32-S32+24) -> 0.5 | BB32: =IF(AO32<1,AO32*24,(AO32-24)*24) -> 12 | BC32: =IF(BB32>=0,BB32,BB32+24) -> 12 | BD32: =IF(AX32<=0,AN32,IF(AX32>=0.1,AX32/24)) -> 0 | BE32: =IF(BD38>=4,IF(BD38="",0,8),IF(BD38>=0.1,IF(BD38="",0,BD38),""))
A33: CENTRO | C33: =CONTROL!B35 -> CENTRO | R33: N1 | S33: 0.75 | U33: A | V33: 0.25 | AK33: =AH60 -> 120 | AL33: V2 | AN33: =IF(AS33/24=0,0,AS33/24) -> 0.33333333 | AO33: =IF(BA33=0,"",BA33) -> 23.5 | AP33: =S33*24 -> 18 | AQ33: =V33*24 -> 6 | AR33: =AS33 -> 8 | AS33: =IF(AV33>=4,AT33,AT33) -> 8 | AT33: =IF(AV33>8,8,AU33) -> 8 | AU33: =IF(AV33<0,0,AV33) -> 8 | AV33: =IF(AP33=AQ33,0,IF(AP33>AQ33,AW33,IF(AP33>=6,AX33,AQ33-AP33))) -> 8 | AW33: =IF(AP33<6,(AQ33-22+24)+(6-AP33),IF(AP33>=22,AY33,IF(AV3<=6,(AQ33-22)+24,8))) -> 8 | AX33: =IF(AQ33>22,AZ33,IF(AP33<AQ33,AP33-AQ33,IF(AP33>6,0,(6-AP33)))) -> 0 | AY33: =IF(AQ33<=6,(AQ33-AP33)+24,IF(AQ33>22,8,(6-AP33)+24)) -> 12 | AZ33: =IF(AP33<=6,(6-AP33)+(AQ33-22),IF(AP33>22,(AQ33-AP33),(AQ33-22))) -> -16 | BA33: =IF(V33-S33>=0,V33-S33,V33-S33+24) -> 23.5 | BB33: =IF(AO33<1,AO33*24,(AO33-24)*24) -> -12 | BC33: =IF(BB33>=0,BB33,BB33+24) -> 12 | BD33: =IF(AX33<=0,AN33,IF(AX33>=0.1,AX33/24)) -> 0.33333333 | BE33: =IF(BD39>=4,IF(BD39="",0,8),IF(BD39>=0.1,IF(BD39="",0,BD39),""))
A34: AÑO | C34: 2026 | R34: D2 | S34: 0.29166667 | U34: A | V34: 0.79166667 | AK34: =AH71 -> 0 | AL34: V3 | AN34: =IF(AS34/24=0,0,AS34/24) -> 0 | AO34: =IF(BA34=0,"",BA34) -> 0.5 | AP34: =S34*24 -> 7 | AQ34: =V34*24 -> 19 | AR34: =AS34 -> 0 | AS34: =IF(AV34>=4,AT34,AT34) -> 0 | AT34: =IF(AV34>8,8,AU34) -> 0 | AU34: =IF(AV34<0,0,AV34) -> 0 | AV34: =IF(AP34=AQ34,0,IF(AP34>AQ34,AW34,IF(AP34>=6,AX34,AQ34-AP34))) -> -12 | AW34: =IF(AP34<6,(AQ34-22+24)+(6-AP34),IF(AP34>=22,AY34,IF(AV4<=6,(AQ34-22)+24,8))) -> 21 | AX34: =IF(AQ34>22,AZ34,IF(AP34<AQ34,AP34-AQ34,IF(AP34>6,0,(6-AP34)))) -> -12 | AY34: =IF(AQ34<=6,(AQ34-AP34)+24,IF(AQ34>22,8,(6-AP34)+24)) -> 23 | AZ34: =IF(AP34<=6,(6-AP34)+(AQ34-22),IF(AP34>22,(AQ34-AP34),(AQ34-22))) -> -3 | BA34: =IF(V34-S34>=0,V34-S34,V34-S34+24) -> 0.5 | BB34: =IF(AO34<1,AO34*24,(AO34-24)*24) -> 12 | BC34: =IF(BB34>=0,BB34,BB34+24) -> 12 | BD34: =IF(AX34<=0,AN34,IF(AX34>=0.1,AX34/24)) -> 0 | BE34: =IF(BD40>=4,IF(BD40="",0,8),IF(BD40>=0.1,IF(BD40="",0,BD40),""))
